name	In_01	In_03	In_05	In_08	In_15	In_24	In_29	In_41	In_50	In_60
Kocuria flava	0.06482	0.01594	0.09558	0.02896	0.06683	0.00741	0.01044	0.02762	0.00215	0
Kocuria rosea	0.04436	0.00626	0.0573	0.02091	0.03138	0.00295	0.00329	0.00763	0.00108	0
Kocuria turfanensis	0.01323	0.00143	0.0092	0.00556	0.00491	0	9.1e-4	0.00196	0	0
Kocuria palustris	0.00118	0.00182	0.00532	0.00395	0.0026	5.5e-4	0.00159	0.00225	0	0
Kocuria sp. KD4	8.3e-4	0.00302	0.0099	0.00756	7e-4	0	0.00262	0.00532	0	0
Kocuria rhizophila	6.7e-4	0.00136	0.00249	0.00192	5.3e-4	0	7.9e-4	0.00179	0	0
Arthrobacter sp. QXT-31	0.003	0	0.00127	0	9.1e-4	0	0	0	0	0
Arthrobacter sp. NEB 688	9.2e-4	0	9.8e-4	8.5e-4	6.1e-4	0	0	0.0013	0	0
Arthrobacter sp. FW305-BF8	6.7e-4	0	0	0	0	0	0	0	0	0
Arthrobacter sp. CDRTa11	5.1e-4	0	0	0	0	0	0	0	0	0
Arthrobacter sp. 24S4-2	6.1e-4	0	0	0	0	0	0	0	0	0
Arthrobacter sp. NicSoilC5	0.0015	0	0	0	0	0	0	0	0	0
Arthrobacter sp. PGP41	6.1e-4	0	0	0	0	0	0	0	0	0
Arthrobacter sp. FB24	6.7e-4	0	0	0	0	0	0	0	0	0
Arthrobacter sp. NicSoilB8	5.1e-4	0	0	0	0	0	0	0	0	0
Arthrobacter sp. Helios	5.1e-4	0	0	0	0	0	0	0	0	0
Arthrobacter sp. zg-Y820	6.7e-4	0	0	0	0	0	0	0	0	0
Arthrobacter sp. UKPF54-2	6.7e-4	0	0	0	0	0	0	0	0	0
Arthrobacter crystallopoietes	0.00194	0	6.7e-4	5.1e-4	7.6e-4	0	0	0	0	0
Arthrobacter sulfonylureivorans	6.1e-4	0	0	0	5e-4	0	0	0	0	0
Arthrobacter agilis	5.7e-4	0	9.5e-4	5.4e-4	4.7e-4	0	0	0	0	0
Pseudarthrobacter sp. L1SW	0.00147	0	0	0	0	0	0	0	0	0
Pseudarthrobacter sp. NS4	9.6e-4	0	0	0	0	0	0	0	0	0
Pseudarthrobacter phenanthrenivorans	0.00481	0	0	0	0	0	0	0	0	0
Pseudarthrobacter equi	6.4e-4	0	0	0	0	0	0	0	0	0
Pseudarthrobacter chlorophenolicus	5.1e-4	0	0	0	0	0	0	0	0	0
Pseudarthrobacter oxydans	4.5e-4	0	0	0	0	0	0	0	0	0
Citricoccus sp. SGAir0253	0.00446	0	0.00396	0.00192	0.00263	0	0	5.9e-4	0	0
Citricoccus sp. I39-566	0.00284	0	0.00197	0.0011	0.00202	0	0	0	0	0
Micrococcus terreus	8e-4	0.0011	0.00518	0.00254	0.0026	0	8.7e-4	0.00241	0.00153	0
Micrococcus lylae	7.3e-4	6.5e-4	0.00483	0.00223	0.0019	0	6e-4	0.00124	0	0
Micrococcus luteus	0.00188	0.00402	0.0233	0.01374	0.00986	0	0.00603	0.01425	0.00294	0.00199
Micrococcus porci	7.3e-4	0.00166	0.01158	0.0079	0.00494	0	0.00194	0.00447	0.00132	0
Glutamicibacter creatinolyticus	4.8e-4	0	0	5.1e-4	0	0	0	0	0	0
Glutamicibacter nicotianae	0.00134	0	0	0	7.3e-4	0	0	0	0	0
Rothia kristinae	4.5e-4	0	6.1e-4	0	0	0	0	0	0.00236	0
Sinomonas atrocyanea	3.8e-4	0	0	0	4.4e-4	0	0	0	0	0
Microbacterium sp. nov. GSS16	9.2e-4	0	0	0	0.00208	0	0	0.00101	0	0
Microbacterium sp. YJN-G	9.2e-4	0	0	0	6.4e-4	0	0	0	0	0
Microbacterium oryzae	0.0014	0	5.5e-4	0.00217	5.3e-4	0	0	0	0	0
Microbacterium atlanticum	7.6e-4	0	0	0	0	0	0	7.2e-4	0.00314	0
Microbacterium testaceum	7e-4	0	0.00153	0	4.4e-4	0	0	0	0	0
Microbacterium hominis	0.0028	0	0	0	0.00377	0	0	0	0	0
Microbacterium oxydans	9.9e-4	0	0	0	0.00114	0	0	0	0	0
Agrococcus sp. Marseille-Q4369	0.00303	0	0.00333	0.0024	0.0029	0	0	0.00238	0.00141	0
Agrococcus sp. SCSIO52902	0.00127	0	7.5e-4	6.8e-4	0.00123	0	0	8.5e-4	0	0
Agrococcus sp. SL85	9.9e-4	0	6.7e-4	0	4.7e-4	0	0	0	0	0
Agrococcus sp. REN33	9.6e-4	0	0	7.9e-4	5e-4	0	0	0	0	0
Agrococcus carbonis	0.00166	0	6.9e-4	6.2e-4	6.4e-4	0	0	0	0	0
Agromyces sp. LHK192	5.1e-4	0	0	0	0	0	0	0	0	0
Agromyces flavus	6.1e-4	0	5.5e-4	0	4.4e-4	0	0	0	0	0
Agromyces protaetiae	5.7e-4	0	6.4e-4	0	0	0	0	0	0	0
Agromyces aureus	4.8e-4	0	0	0	0	0	0	0	0	0
Cnuibacter physcomitrellae	6.1e-4	0	0	0	3.8e-4	0	0	0	0	0
Naasia aerilata	5.7e-4	0	0	0	0	0	0	0	0	0
Ornithinimicrobium flavum	0.0059	0.00321	0.02593	0.00864	0.02115	8.5e-4	0.00159	0.01366	0.00116	9.8e-4
Ornithinimicrobium sp. HY006	0.00344	0.00234	0.04121	0.0055	0.00673	0	0.00135	0.00245	0	0
Ornithinimicrobium sp. HY1793	6.4e-4	0	0.00127	4.8e-4	8.8e-4	0	0	6.2e-4	0	0
Ornithinimicrobium avium	0.00373	9.4e-4	0.0074400000000000004	0.00339	0.01021	0	6e-4	0.00293	7.4e-4	0
Ornithinimicrobium pratense	0.00172	8.1e-4	0.01354	0.0015	0.00369	0	0	0.0014	0	0
Ornithinimicrobium cryptoxanthini	8.3e-4	0	0.00148	5.9e-4	0.00123	0	0	3.6e-4	0	0
Ornithinimicrobium ciconiae	5.7e-4	0	0.00177	7.3e-4	0.0014	0	0	6.5e-4	0	0
Serinicoccus chungangensis	0.00185	4.2e-4	0.00423	0.00169	0.00418	0	0	0.00166	0	0
Serinicoccus profundi	0.00178	8.4e-4	0.00492	0.00248	0.00351	0	6.7e-4	0.00137	0	0
Serinicoccus hydrothermalis	0.00147	0	0.0033	0.00209	0.00313	0	0	0.00104	0	0
Serinicoccus marinus	0.0014	9.4e-4	0.0053	0.00183	0.00371	0	0	0.0016	0	0
Janibacter sp. DB-40	0.0066	4.9e-4	0.00162	0.00155	0.00562	5.5e-4	0	9.5e-4	0	0
Janibacter sp. CX7	4.5e-4	0	7.8e-4	4.8e-4	8.8e-4	0	0	6.8e-4	0	0
Janibacter cremeus	0.00245	0	6.1e-4	5.6e-4	0.00178	0	0	4.6e-4	0	0
Janibacter melonis	0.00127	0	0.00113	0.00119	0.00129	0	0	0.00192	0	0
Janibacter limosus	7e-4	0	8.1e-4	6.5e-4	9.7e-4	0	0	0.00114	0	0
Janibacter indicus	7.6e-4	0	0.00124	7.3e-4	9.9e-4	0	0	0.00134	0	0
Phycicoccus endophyticus	8.9e-4	0	4.6e-4	4.8e-4	7.9e-4	0	0	6.2e-4	0	0
Phycicoccus sp. HDW14	6.1e-4	0	3.8e-4	4.2e-4	7.9e-4	0	0	5.2e-4	0	0
Pedococcus dokdonensis	0.00137	0	6.7e-4	0	7.9e-4	0	0	0	0	0
Tetrasphaera sp. HKS02	7.3e-4	0	4.9e-4	3.1e-4	5e-4	0	0	0	0	0
Intrasporangium calvum	5.4e-4	0	4.1e-4	3.1e-4	9.4e-4	0	0	0	0	0
Arsenicicoccus sp. oral taxon 190	4.8e-4	0	6.1e-4	4e-4	7.3e-4	0	0	5.5e-4	0	0
Cellulomonas sp. ATA003	0.0022	0	0.00093000000000000005	8.2e-4	9.1e-4	0	7.1e-4	3.9e-4	0	0
Cellulomonas sp. NS3	9.6e-4	0	6.4e-4	4.8e-4	6.7e-4	0	0	6.8e-4	0	0
Cellulomonas sp. Y8	0.00102	0	4.9e-4	0	6.4e-4	0	0	4.6e-4	0	0
Cellulomonas sp. ES6	7.6e-4	0	0	0	6.7e-4	0	0	0	0	0
Cellulomonas sp. H30R-01	5.7e-4	0	0	0	0	0	0	0	0	0
Cellulomonas sp. S1-8	4.1e-4	0	4.1e-4	0	4.7e-4	0	0	0	0	0
Cellulomonas fimi	0.00108	0	9e-4	0.00133	0.00108	0	0	0	0	0
Cellulomonas flavigena	7.6e-4	0	6.7e-4	0	5.6e-4	0	0	0	0	0
Cellulomonas xiejunii	6.4e-4	0	0	0	4.1e-4	0	0	0	0	0
Cellulomonas shaoxiangyii	4.8e-4	0	3.5e-4	0	5e-4	0	0	0	0	0
Actinotalea sp. JY-7876	8.3e-4	0	7.2e-4	5.9e-4	0.00108	0	0	4.6e-4	0	0
Brachybacterium sp. GU-2	0.00602	0.00214	0.00535	0.00485	0.00997	7.7e-4	0.00187	0.00336	0	0
Brachybacterium sp. Z12	8.6e-4	5.2e-4	0.00119	4.8e-4	7.6e-4	0	0	4.2e-4	0	0
Brachybacterium sp. P6-10-X1	5.1e-4	4.5e-4	8.4e-4	5.1e-4	9.9e-4	0	0	4.9e-4	0	0
Brachybacterium saurashtrense	6.4e-4	0	0.00165	5.1e-4	0.00137	0	0	4.6e-4	0	0
Brachybacterium ginsengisoli	6.7e-4	0	0.00093000000000000005	5.9e-4	8.2e-4	0	0	4.6e-4	0	0
Brachybacterium faecium	5.4e-4	0	0.00101	4e-4	6.7e-4	0	0	4.9e-4	0	0
Brachybacterium vulturis	4.8e-4	0	9.8e-4	4e-4	6.4e-4	0	0	4.6e-4	0	0
Brachybacterium avium	3.8e-4	0	7.2e-4	0	4.7e-4	0	0	0	0	0
Georgenia wutianyii	0.00182	9.7e-4	0.01189	0.00322	0.00404	0	0	9.5e-4	0	0
Georgenia faecalis	8.9e-4	0	0.00148	7.9e-4	4.4e-4	0	0	3.6e-4	0	0
Georgenia sp. TF02-10	9.9e-4	0	0.00243	8.5e-4	0.00173	0	0	6.8e-4	0	0
Georgenia yuyongxinii	7e-4	0	0.00116	4.5e-4	9.9e-4	0	0	4.2e-4	0	0
Cellulosimicrobium cellulans	0.00163	0	0.00148	7.9e-4	0.00211	0	0	0	0	0
Cellulosimicrobium protaetiae	4.8e-4	0	0	0	0	0	0	0	0	0
Isoptericola variabilis	6.1e-4	0	3.8e-4	0	0	0	0	4.9e-4	0	0
Barrientosiimonas endolithica	8e-4	0	8.1e-4	0	0.00102	0	0	0	0	0
Sanguibacter keddieii	4.5e-4	0	0	0	0	0	0	0	0	0
Pengzhenrongella sicca	3.5e-4	0	3.2e-4	0	3.5e-4	0	0	0	0	0
Kytococcus sedentarius	3.8e-4	0	7.2e-4	5.6e-4	0.00108	0	0	9.1e-4	0	0
Nocardioides sp. zg-1228	0.00507	0	0.0013	0.00119	0.00295	0	0	9.8e-4	0	0
Nocardioides sp. S5	0.00516	0.00117	0.00148	0.00107	0.00383	0	0	9.8e-4	0	0
Nocardioides sp. S-34	0.00437	8.8e-4	0.00124	0.0011	0.0026	0	0	7.5e-4	0	0
Nocardioides sp. HDW12B	0.00395	0	0.00148	0.00141	0.00354	0	0	8.2e-4	0	0
Nocardioides sp. LMS-CY	0.00252	6.5e-4	7.2e-4	8.5e-4	0.0024	0	0	0	0	0
Nocardioides sp. TF02-7	0.00242	0	8.7e-4	6.5e-4	0.00202	0	0	6.5e-4	0	0
Nocardioides sp. Arc9.136	0.00265	0	9.5e-4	9.9e-4	0.00252	0	0	7.8e-4	0	0
Nocardioides sp. W7	0.00204	0	7.8e-4	7.9e-4	0.0019	0	0	4.6e-4	0	0
Nocardioides sp. JS614	0.00366	0	0.00124	0.00164	0.00532	0	0	0.00147	0	0
Nocardioides sp. S-1144	0.00175	0	7.5e-4	5.1e-4	0.00187	0	0	5.2e-4	0	0
Nocardioides sp. cx-173	0.00166	0	6.1e-4	6.8e-4	0.0017	0	0	5.5e-4	0	0
Nocardioides sp. CF8	0.00191	0	7.8e-4	9.6e-4	0.00234	0	0	0	0	0
Nocardioides sp. InS609-2	0.00118	0	5.8e-4	5.6e-4	0.0017	0	0	4.9e-4	0	0
Nocardioides sp. JQ2195	0.00118	0	3.5e-4	3.7e-4	0.0014	0	0	0	0	0
Nocardioides sp. HM61	0.00118	0	3.8e-4	4.5e-4	9.4e-4	0	0	0	0	0
Nocardioides sp. QY071	0.00143	0	7.8e-4	0	0.00143	0	0	5.2e-4	0	0
Nocardioides sp. B-3	0.00105	0	4.6e-4	3.7e-4	9.9e-4	0	0	4.6e-4	0	0
Nocardioides sp. Kera G14	6.7e-4	0	0	0	6.1e-4	0	0	0	0	0
Nocardioides sp. dk884	0.00124	0	0.00093000000000000005	8.7e-4	0.00164	0	0	0	0	0
Nocardioides sp. BP30	6.1e-4	0	4.9e-4	0	9.7e-4	0	0	0	0	0
Nocardioides mesophilus	0.00373	0	0.00116	0.0013	0.00436	0	0	5.2e-4	0	0
Nocardioides panacis	0.00335	0	8.4e-4	0.00107	0.00257	0	0	8.5e-4	0	0
Nocardioides okcheonensis	0.00344	9.4e-4	0.00113	8.5e-4	0.00246	0	0	7.5e-4	0	0
Nocardioides euryhalodurans	0.0022	0	6.4e-4	4.8e-4	0.00219	0	0	6.8e-4	0	0
Nocardioides marmotae	0.00255	0	8.7e-4	0.00104	0.00196	0	0	8.8e-4	0	0
Nocardioides rotundus	0.00217	0	0.00101	8.5e-4	0.00199	0	0	6.2e-4	0	0
Nocardioides scoriae	0.00201	0	0.00093000000000000005	7.6e-4	0.00164	0	0	6.5e-4	0	0
Nocardioides anomalus	0.00175	0	6.4e-4	8.5e-4	0.00155	0	0	0	0	0
Nocardioides ungokensis	0.00185	0	5.8e-4	6.8e-4	0.00222	0	0	4.2e-4	0	0
Nocardioides seonyuensis	0.00175	0	6.4e-4	7.1e-4	0.00243	0.00206	0	6.8e-4	0	0
Nocardioides aquaticus	0.00175	0	6.4e-4	5.4e-4	0.00173	0	0	0	0	0
Nocardioides dongkuii	0.00188	0	7.8e-4	5.4e-4	0.00196	0	0	5.2e-4	0	0
Nocardioides campestrisoli	0.00163	0	0.00208	0.00133	0.00281	0	0	9.8e-4	0	0
Nocardioides pantholopis	0.00172	0	8.7e-4	4.8e-4	0.00164	0	0	0	0	0
Nocardioides marinisabuli	0.00188	0	6.1e-4	7.6e-4	0.00202	0	0	0	0.00103	0
Nocardioides coralli	0.00131	0	4.3e-4	4.2e-4	0.00173	0	0	5.5e-4	0	0
Nocardioides dokdonensis	0.00163	0	8.1e-4	6.5e-4	0.00252	0	0	0.00108	0	0
Nocardioides piscis	0.00156	0	7.5e-4	6.8e-4	0.00135	0	0	7.2e-4	0	0
Nocardioides marmorisolisilvae	0.00124	0	6.7e-4	3.7e-4	0.0014	0	0	3.9e-4	0	0
Nocardioides faecalis	0.0014	0	3.8e-4	0	0.00132	0	0	0.00108	0	0
Nocardioides humi	0.00137	0	6.9e-4	0	0.00173	0	0	0	0.00108	0
Nocardioides aromaticivorans	0.00134	0	6.9e-4	4.8e-4	0.00149	0	0	0	0.00112	0
Nocardioides houyundeii	0.00121	0	7.2e-4	5.9e-4	0.00216	0	0	5.9e-4	0	0
Nocardioides daphniae	0.00131	0	0.00162	0.00138	0.00462	0	0.00139	0.00215	0	0
Nocardioides cynanchi	9.6e-4	0	4.1e-4	4.5e-4	9.9e-4	0	0	3.9e-4	0	0
Nocardioides jishulii	0.00102	0	0.00113	0.00116	0.00257	0	0	9.8e-4	0.00145	0
Nocardioides sambongensis	8.3e-4	0	4.1e-4	0	0.00135	0	0	0	0	0
Nocardioides panacisoli	7.3e-4	0	0	6.5e-4	0.0012	0	0	8.2e-4	0	0
Nocardioides ochotonae	0.00112	0	6.9e-4	0	0.00164	0	0	0	0	0
Nocardioides yefusunii	5.1e-4	0	4.6e-4	0	7.6e-4	0	0	0	0	0
Aeromicrobium sp. HA	0.00134	0	7.2e-4	6.2e-4	8.8e-4	0	0	4.2e-4	0	0
Aeromicrobium sp. Leaf245	4.8e-4	0	0	0	0	0	0	0	0	0
Aeromicrobium choanae	5.7e-4	0	0	0	5.6e-4	0	0	4.9e-4	0	0
Aeromicrobium erythreum	4.8e-4	0	0	0	0	0	0	0	0	0
Aeromicrobium chenweiae	4.5e-4	0	0	0	0	0	0	0	0	0
Pimelobacter simplex	0.00163	0	7.8e-4	7.1e-4	0.00175	0	0	6.5e-4	8.3e-4	0
Friedmanniella luteola	8e-4	0	0	3.4e-4	5.3e-4	0	0	0	0	0
Mumia sp. ZJ1417	4.5e-4	0	0	0	4.4e-4	0	0	0	0	0
Tessaracoccus flavus	0.00112	0.00182	0.02098	0.00525	0.01252	0	0.00171	0.02759	0.00124	0.00189
Tessaracoccus sp. MC1865	4.5e-4	0	0.00165	5.6e-4	6.7e-4	0	0	7.5e-4	0	0
Microlunatus sagamiharensis	8e-4	0	6.1e-4	3.7e-4	4.1e-4	0	5.2e-4	0	0	0
Microlunatus phosphovorus	4.5e-4	0	4.9e-4	2.8e-4	4.1e-4	0	0	0	0	0
Propioniciclava sp. MC1595	7.3e-4	0	0.00715	0.00254	0.00214	0	9.5e-4	0.01601	9.1e-4	0
Cutibacterium acnes	4.8e-4	0.01266	0	0.005	7.3e-4	0.02002	0.00647	0.01308	0	0
Kribbella flavida	5.1e-4	0	3.5e-4	0	3.8e-4	0	0	0	0.00153	0
Kribbella qitaiheensis	4.1e-4	0	0	0	0	0	0	0	0	0
Kribbella sp. CA-293567	4.5e-4	0	0	0	0	0	0	0	0	0
Actinopolymorpha singaporensis	4.8e-4	0	0	0	3.5e-4	0	0	0	0	0
Streptomyces sp. T12	0.00271	0	0	0	0	0.00465	0	0.00561	0	0
Streptomyces sp. CL7	0.00386	0	0	0	0.00822	0	0	0	0.00819	0
Streptomyces sp. SYP-A7193	0.00414	0	0	0	0	0	0	0	0	0
Streptomyces sp. NHF165	6.4e-4	0	0	0	4.7e-4	0	0	0	0	0
Streptomyces sp. WMMC500	0.00115	0	0	0	0	0	0	0	0	0
Streptomyces sp. WAC 01438	0.00127	0	0	0	0	0	0	0	0	0
Streptomyces sp. GMY02	5.4e-4	0	0	0	0	0	0	0	0	0
Streptomyces sp. NA02950	6.7e-4	0	0	0	0	0	0	0	0	0
Streptomyces sp. So13.3	4.8e-4	0	0	0	0	0	0	0	0	0
Streptomyces aurantiacus	8.9e-4	0	0	0	0	0	0	0	0	0
Streptomyces venezuelae	0.0029	0	0.00955	0.00731	0.00231	0	0	0.00329	0	0
Streptomyces lusitanus	0.00366	0	0	0	0.00547	0	0	0	0	0
Streptomyces albus	6.4e-4	0	0	0	0	0	0	0	0	0
Streptomyces genisteinicus	7.6e-4	0	0	0	0	0	0	0	0	0
Streptomyces ambofaciens	0.00201	0	0	0	0	0	0	0	0	0
Streptomyces bathyalis	4.1e-4	0	0	0	0	0	0	0	0	0
Streptomyces calvus	0.00127	0	0	0	0	0	0	0	0	0
Streptomyces chartreusis	0.00261	0	0	0	0	0	0	0	0	0
Streptomyces marincola	4.5e-4	0	0	0	0	0	0	0	0	0
Streptomyces tendae	0.00131	0	0	0	0	0	0	0	0	0
Streptomyces ferrugineus	0.00102	0	0	0	0	0	0	0	0	0
Streptomyces xanthii	6.7e-4	0	0	0	0	0	0	0	0	0
Kitasatospora sp. CM 4170	0.00112	0	0	0	0	0	0	0	0	0
Yinghuangia sp. ASG 101	6.7e-4	0	0	0	3.5e-4	0	0	0	0	0
Mycolicibacterium rutilum	0.00328	0	0	0	4.7e-4	0	0	0	0	0
Mycolicibacterium fluoranthenivorans	8.6e-4	0	0	0	0	0	0	0	0	0
Mycolicibacterium holsaticum	8.9e-4	0	0	0	0	0	0	0	0	0
Rhodococcus rhodochrous	0.00236	0	0.00258	0.00279	0.00237	0	0	0	0.00157	0
Rhodococcus pyridinivorans	0.00315	0	0	0	0.0017	0	0	0.00313	0	0
Rhodococcus opacus	7.3e-4	0	9.5e-4	0	0	0	0	0	0	0
Nocardia asteroides	9.6e-4	0	0	5.4e-4	7.3e-4	0	0	0	0	0
Nocardia brasiliensis	6.7e-4	0	0	0	4.1e-4	0	0	0	0	0
Nocardia farcinica	7e-4	0	0	5.1e-4	5e-4	0	0	0.00104	0	0
Nocardia cyriacigeorgica	5.1e-4	0	0	0	6.4e-4	0	0	0	0	0
Corynebacterium efficiens	0.00558	0.00701	0.04138	0.00655	0.00679	7.4e-4	0.0019	0.00121	0	0
Corynebacterium maris	0.00226	8.4e-4	0.00506	0.00164	5.3e-4	0	9.9e-4	0	0	0
Corynebacterium stationis	6.7e-4	4.5e-4	4.9e-4	0.00102	0.00102	0	6.7e-4	0.00238	0	0
Corynebacterium halotolerans	5.4e-4	0	0.00237	6.5e-4	0.00117	0	0	0	0	0
Corynebacterium humireducens	4.8e-4	4.2e-4	0.0024	7.9e-4	8.8e-4	0	0	0	0	0
Dietzia kunjamensis	0.00583	0.00211	0.01227	0.00531	0.01559	0.00129	0.00238	0.00401	0	0
Dietzia sp. oral taxon 368	0.0029	0.00156	0.00929	0.00454	0.0043	0	0.00151	0.0029	0	0
Dietzia sp. B32	0.00108	0	0.00208	7.6e-4	0.00155	0	0	5.5e-4	0	0
Dietzia lutea	0.00207	7.8e-4	0.00593	0.00322	0.00322	0	9.5e-4	0.00183	0	0
Geodermatophilus obscurus	0.03847	0	0.00145	0.00164	0.0017	0	0	4.9e-4	0	0
Geodermatophilus sp. DSM 44513	0.01023	0	0.00107	7.6e-4	0.00102	0	0	0	0	0
Blastococcus sp. PRF04-17	0.0058	0	7.5e-4	0.00102	0.00129	0	0	5.5e-4	0	0
Blastococcus saxobsidens	0.00472	0	6.9e-4	0.00102	0.00123	0	0	4.9e-4	0	0
Modestobacter marinus	0.0036	0	7.8e-4	7.1e-4	9.9e-4	0	0	0	0	0
Modestobacter sp. L9-4	0.00242	0	4.1e-4	4.5e-4	7.6e-4	0	0	0	0	0
Micromonospora sp. WMMD882	0.00223	0	0	0	0	0	0	0	0	0
Micromonospora sp. WMMC415	0.00118	0	0	0	8.8e-4	0	0	0	0	0
Micromonospora sp. WMMD812	0.00105	0	0	0	0	0	0	0	0	0
Micromonospora echinaurantiaca	0.00143	0	0	0	9.4e-4	0	0	0	0	0
Micromonospora echinofusca	0.00118	0	0	0	8.5e-4	0	0	0	0	0
Micromonospora maris	7.6e-4	0	0	0	0	0	0	0	0	0
Micromonospora krabiensis	7.6e-4	0	0	0	0	0	0	0	0	0
Actinoplanes sp. N902-109	5.7e-4	0	0	0	0	0	0	0	0	0
Actinoplanes sp. OR16	7e-4	0	0	0	7.3e-4	0	0	0	0	0
Actinoplanes missouriensis	7e-4	4.9e-4	0	0	4.7e-4	0	0	0	0	0
Actinoplanes sichuanensis	6.1e-4	0.00104	5.8e-4	0	0	0	0	0	0	0
Actinoplanes teichomyceticus	5.7e-4	0	0	0	0	0	0	0	0	0
Actinoplanes friuliensis	4.5e-4	0	0	0	3.5e-4	0	0	0	0	0
Actinoplanes derwentensis	3.5e-4	0	0	0	0	0	0	0	0	0
Dactylosporangium aurantiacum	8.6e-4	0	7.2e-4	0	9.9e-4	0	0	0	0	0
Dactylosporangium fulvum	7.6e-4	0	0	0	0	0	0	0	0	0
Phytohabitans flavus	5.4e-4	0	0	0	4.1e-4	0	0	0	0	0
Phytohabitans suffuscus	4.8e-4	0	0	0	0	0	0	0	0	0
Actinocatenispora thailandica	4.5e-4	0	0	0	3.5e-4	0	0	0	0	0
Actinocatenispora sera	4.1e-4	0	0	0	0	0	0	0	0	0
Catellatospora sp. IY07-71	6.7e-4	0	0	0	0	0	0	0	0	0
Couchioplanes caeruleus	7e-4	7.8e-4	8.4e-4	0	0	0	0	0	0	0
Pseudonocardia sp. DSM 110487	0.00258	0	0.0011	0.00124	4.7e-4	0	0	0.00117	0	0
Pseudonocardia sp. AL041005-10	8.3e-4	0	0	0	0	0	0	0	0	0
Pseudonocardia sp. HH130630-07	9.9e-4	0	0	0	0	0	0	0	0	0
Pseudonocardia broussonetiae	0.00115	0	0	0	7.3e-4	0	0	0	0	0
Pseudonocardia dioxanivorans	9.9e-4	0	0	0	0	0	0	7.2e-4	0	0
Pseudonocardia petroleophila	9.9e-4	0	0	0	0	0	0	0	0	0
Amycolatopsis sp. WQ 127309	0.00115	0	0	0	0	0	0	0	0	0
Amycolatopsis sp. Hca4	0.00131	0	0	0	0	0	0	0	0	0
Amycolatopsis acidiphila	5.4e-4	0	0	0	0	0	0	0	0	0
Saccharothrix syringae	0.00127	0	0	0	7e-4	0	0	0	0	0
Saccharothrix sp. 6-C	0.00112	0	0	0	6.7e-4	0	0	0	0	0
Saccharothrix espanaensis	7.3e-4	0	0	0	0	0	0	0	0	0
Saccharopolyspora erythraea	0.00121	0	0	0	8.2e-4	0	0	0	0	0
Saccharomonospora glauca	7e-4	6.5e-4	0	0	0	0	0	0	0	0
Saccharomonospora azurea	5.1e-4	0	0	0	5.6e-4	0	0	0	0	0
Saccharomonospora cyanea	6.1e-4	0	0	0	0	0	0	0	0	0
Lentzea guizhouensis	5.4e-4	0	0	0	4.7e-4	0	0	0	0	0
Lentzea sp. HUAS12	3.8e-4	0	0	0	5.3e-4	0	0	0	0	0
Allokutzneria albata	3.8e-4	0	0	0	0	0	0	0	0	0
Nocardiopsis dassonvillei	0.00182	0	0	0	0	0	0	0	0	0
Nocardiopsis sp. HUAS JQ3	0.00163	0	0	0	0	0	0	0	0	0
Streptomonospora litoralis	3.5e-4	0	0	0	0	0	0	0	0	0
Nonomuraea phyllanthi	9.9e-4	0	3.5e-4	0	3.2e-4	0	0	0	0	0
Nonomuraea gerenzanensis	6.4e-4	0	4.1e-4	0	0	0	0	0	0	0
Nonomuraea coxensis	4.1e-4	0	0	0	3.5e-4	0	0	0	0	0
Nonomuraea sp. ATCC 55076	4.8e-4	0	4.3e-4	0	3.8e-4	0	0	0	0	0
Streptosporangium roseum	6.4e-4	0	0	0	0	0	0	0	0	0
Actinomadura sp. WMMB 499	5.7e-4	0	0	0	3.5e-4	0	0	0	0	0
Actinomadura sp. NAK00032	6.1e-4	0	0	0	0	0	0	0	0	0
Actinomadura sp. WMMA1423	4.5e-4	0	0	0	7e-4	0	0	0	0	0
Actinomadura madurae	5.4e-4	0	0	0	5.3e-4	0	0	0	0	0
Thermomonospora amylolytica	7e-4	0	0	0	0	0	0	0	0	0
Thermomonospora curvata	4.5e-4	0	0	0	3.8e-4	0	0	0	0	0
Bifidobacterium longum	0.0014	0.03083	0.00168	0.05885	0.00412	0.05435	0.00825	0.01758	0	0
Pseudofrankia inefficax	3.2e-4	0	0	0	3.2e-4	0	0	0	0	0
Jiangella alkaliphila	5.7e-4	0	4.1e-4	0	0	0	0	0	0	0
Jiangella sp. DSM 45060	3.8e-4	0	0	2.8e-4	4.4e-4	0	0	0	0	0
Nakamurella multipartita	4.8e-4	0	0	0	4.1e-4	0	0	0	0	0
Kineococcus radiotolerans	7e-4	0	0	0	3.2e-4	0	0	0	0	0
Catenulispora acidiphila	4.1e-4	0	0	0	2.9e-4	0	0	0	0	0
Baekduia alba	0.00185	0	0	0	0	0	0	0	0	0
Baekduia soli	0.00156	0	0	0	4.7e-4	0	0	0	0	0
Conexibacter sp. SYSU D00693	0.00169	0	3.8e-4	0	6.1e-4	0	0	0	0	0
Conexibacter sp. S30A1	3.5e-4	0	0	0	0	0	0	0	0	0
Conexibacter woesei	0.00124	0	0	0	3.5e-4	0	0	0	0	0
Capillimicrobium parvum	0.00175	0	0	4.5e-4	4.1e-4	0	0	0	0	0
Paraconexibacter antarcticus	0.00105	0	0	0	0	0	0	0	0	0
Miltoncostaea oceani	4.8e-4	0	0	0	0	0	0	0	0	0
Rubrobacter tropicus	0.00131	0	0	3.7e-4	0	0	0	0	0	0
Rubrobacter xylanophilus	0.00115	0	0	0	0	0	0	0	0	0
Rubrobacter marinus	8.3e-4	0	4.9e-4	0	0	0	0	0	0	0
Iamia sp. SCSIO 61187	7.3e-4	0	4.1e-4	4e-4	0.00111	0	0	4.2e-4	0	0
Iamia majanohamensis	3.8e-4	0	0	0	5.8e-4	0	0	0	0	0
Actinomarinicola tropica	8.6e-4	0	0.0011	6.2e-4	0.00175	0	0	5.5e-4	0	0
Aquihabitans sp. G128	5.1e-4	0	0	4.2e-4	9.9e-4	0	0	5.2e-4	0	0
Dermatobacter hominis	4.1e-4	0	0	0	6.7e-4	0	0	0	0	0
Mesobacillus jeotgali	0.00395	0	0.00127	0.00217	0.01451	0	0	8.5e-4	0	0
Mesobacillus sp. S13	5.1e-4	0	0	0	9.1e-4	0	0	0	0	0
Mesobacillus sp. AQ2	4.8e-4	0	0	0	7e-4	0	0	0	0	0
Mesobacillus subterraneus	5.4e-4	0	0	0	0	0	0	0	0	0
Mesobacillus foraminis	4.5e-4	0	0	0	0	0	0	0	0	0
Bacillus sp. Y1	0.00153	0	0	0	0	0	0	0	0	0
Neobacillus sp. DY30	0.00169	0	0	0	0	0	0	0	0	0
Neobacillus sp. YX16	8.6e-4	0	0	0	0	0	0	0	0	0
Neobacillus sp. Marseille-Q6967	5.1e-4	0	0	0	0	0	0	0	0	0
Priestia megaterium	0.00229	0	0.00162	9.6e-4	0.0014	0	0	0	0	0
Priestia filamentosa	5.4e-4	0	3.8e-4	0	2.9e-4	0	0	0	0	0
Cytobacillus firmus	0.00159	0	0	0	0.00105	0	0	0	0	0
Domibacillus sp. DTU_2020_1001157_1_SI_ALB_TIR_016	0.00198	0	0	4.2e-4	0	0	0	0	0	0
Metabacillus sp. KUDC1714	0.00115	0	0	0	0	0	0	0	0	0
Fictibacillus arsenicus	6.4e-4	0	0	0	0.00173	0	0	0	0	0
Planococcus plakortidis	0.00596	7.8e-4	0.00263	0.00127	0.00725	0	0	0	0	0
Planococcus sp. 107-1	0.00175	0	0	7.1e-4	9.7e-4	0	0	0	0	0
Planococcus sp. MB-3u-03	0.00156	0	0.0022	7.9e-4	0.00202	0	0	0	0	0
Planococcus sp. N056	0.00108	0	0	0	5e-4	0	0	0	0	0
Planococcus sp. N022	3.8e-4	0	0	0	0	0	0	0	0	0
Planococcus halotolerans	0.00417	0	4.1e-4	5.4e-4	0.00216	0	0	0	0	0
Planococcus rifietoensis	0.00255	0	0.00124	0	0.00135	0	0	0	0	0
Planococcus glaciei	0.00182	0	0	3.7e-4	7.6e-4	0	0	0	0	0
Planococcus maritimus	8.3e-4	0	3.2e-4	0	5.3e-4	0	0	0	0	0
Planococcus massiliensis	5.4e-4	0	0	0	0	0	0	0	0	0
Solibacillus silvestris	5.1e-4	0	9.5e-4	0	5e-4	0	0	0	0	0
Salinicoccus halodurans	0.00153	5.2e-4	0.00234	6.2e-4	0.00111	0	0	0	0	0
Exiguobacterium mexicanum	0.00163	0.00328	0.02052	0.00542	0.01644	0	0.00175	0.00496	0.00178	0
Exiguobacterium aurantiacum	4.5e-4	0.00107	0.00579	0.00214	0.00407	0	7.5e-4	0.00121	0	0
Novibacillus thermophilus	4.1e-4	0	0	0	0	0	0	0	0	0
Desemzia incerta	0.00115	0.00523	0.00587	0.00155	0.00506	0	0	0	0	0
Clostridium botulinum	0.02661	0.11807	0.01126	0.07008	0.0172	0.18062	0.15024	0.03907	0.01452	0.23924
Deinococcus sp. NW-56	7e-4	0	0.0022	0.0096	0.00123	0	0.00401	0.009	0	0
Deinococcus aetherius	3.5e-4	0	0	0	0	0	0	0	0	0
Deinococcus ficus	3.5e-4	0	2.9e-4	4.8e-4	3.2e-4	0	8.3e-4	0.00287	0	0
Sphaerobacter thermophilus	4.5e-4	0	0	0	0	0	0	0	0	0
Microvirga sp. VF16	0.0044	0	5.8e-4	5.6e-4	7.9e-4	0	0	0	0	0
Microvirga sp. 17 mud 1-3	0.00147	0	0	0	0	0	0	0	0	0
Microvirga ossetica	0.00402	0	0	5.1e-4	6.7e-4	0	0	0	0	0
Microvirga terrae	0.00366	0	0	5.6e-4	9.9e-4	0	0	0	0	0
Microvirga lotononidis	0.00392	0	0	0.00093000000000000005	0.00123	0	0	0	0	0
Microvirga thermotolerans	0.00159	0	0	0	6.1e-4	0	0	0	0	0
Methylobacterium radiodurans	7.3e-4	0	0	0	0	0	0	0	0	0
Methylobacterium nodulans	4.8e-4	0	0	0	0	0	0	0	0	0
Methylobacterium aquaticum	0.00124	0	0	0	0	0	0	0	0	0
Methylobacterium tardum	0.00108	0	0	0	0	0	0	0	0	0
Methylorubrum populi	0.0021	0	0	0	0	0	0	0	8.3e-4	0
Bradyrhizobium erythrophlei	0.00309	0	0	0	0.00222	0	0	0	0	0
Rhodopseudomonas palustris	0.00121	0	0	0	0.0012	0	0	0	9.9e-4	0
Rhizobium leguminosarum	0.0015	0	0	0	0	0	0	0	0	0
Pseudorhizobium flavum	0.00159	0	0.00234	0.00203	0.00699	0	0	0.00346	0.00124	0
Pseudorhizobium banfieldiae	0.00159	0	0.00177	0.00144	0.00497	0	0	0.00209	0	0
Agrobacterium tumefaciens	8e-4	0	0	0	0	0	0	0	0	0
Neorhizobium sp. SOG26	4.5e-4	0	0	0	0	0	0	0	0	0
Sinorhizobium fredii	9.6e-4	0	0	0	0	0	0	0	0	0
Sphingomonas sp. LHG3406-1	0.00194	0	0	0	0	0	0	0.00202	0	0
Sphingomonas sp. HDW15A	7.3e-4	0	0	0	0	0	0	0	0	0
Sphingomonas glaciei	0.00147	0	0	0	0	0	0	0.00205	6.2e-4	0
Sphingomonas sediminicola	8.6e-4	0	0	0	0.00371	0	0	0	0	0
Sphingomonas sabuli	9.6e-4	0	0	0	0	0	0	0	0	0
Sphingomonas limnosediminicola	8.9e-4	0	0	0	0	0	0	0	0	0
Paracoccus sp. AK26	0.00284	0.00101	0.00344	0.00308	0.00275	0	0.00155	0.00574	0.00132	0
Paracoccus sp. MC1862	0.00242	0.00143	0.0156	0.0068	0.00755	0	0.00147	0.0037200000000000002	0.00244	0
Paracoccus sp. S3-43	0.00191	0	0.00165	0.0013	0.00252	0	0	0.0029	0.0036	0
Paracoccus sp. M09	6.7e-4	0	0.00159	0.00107	0.00117	0	8.3e-4	0.00134	0	0
Paracoccus yeei	0.00287	0	0.00567	0.00361	0.00407	0	0.00123	0.00336	0.00244	0
Paracoccus marcusii	0.00112	0	0.00101	0.00178	0.00132	0.00114	0.00218	6.5e-4	0	0
Paracoccus sanguinis	8.3e-4	0	0.0026	0.00195	0.00234	0	0	0.00179	7e-4	0
Paracoccus liaowanqingii	3.8e-4	0	3.5e-4	0	3.2e-4	0	0	6.2e-4	0	0
Paracoccus everestensis	5.1e-4	0	8.4e-4	0	7.6e-4	0	0	0	0	0
Paracoccus contaminans	4.1e-4	0	9.5e-4	0.00093000000000000005	7.3e-4	0	0	5.9e-4	0	0
Paracoccus zhejiangensis	5.7e-4	0	5.2e-4	3.7e-4	6.1e-4	0	0	0	0	0
Cereibacter sphaeroides	7e-4	0	0	3.4e-4	0	0	0	0	0.00178	0
Roseivivax marinus	9.9e-4	0	0	0	0	0	0	0	0	0
Skermanella rosea	0.00194	0	0	0	6.1e-4	0	0	0	0	0
Skermanella mucosa	7.6e-4	0	0	0	0	0	0	0	0	0
Skermanella sp. TT6	0.00198	0	0	0	0	0	0	0	0	0
Azospirillum thermophilum	0.00153	0	0	0	8.8e-4	0	0	0	7.9e-4	0
Roseomonas sp. OT10	0.00178	0	0	0	0	0	0	0	8.3e-4	0
Roseomonas fluvialis	6.1e-4	0	0	0	0	0	0	0	0	0
Roseomonas gilardii	0.00108	0	0	0	0	0	0	0	0	0
Sediminicoccus rosea	6.1e-4	0	0	0	4.1e-4	0	0	0	0	0
Pseudoroseomonas cervicalis	7e-4	0	0	0	4.7e-4	0	0	0	0	0
Rhodovastum atsumiense	3.8e-4	0	0	0	0	0	0	0	0	0
Phenylobacterium zucineum	9.2e-4	0	0	4.2e-4	0.00284	0	0	0	0.02453	0
Pseudomonas sp. MTM4	8.3e-4	0	8.4e-4	0	0.0012	0	0	0	0	0
Pseudomonas putida	0.00306	0.0023	0	0.00246	0.00152	0	0.00389	0.00228	0.00207	0
Pseudomonas oryzihabitans	8e-4	0	0	0	0	0	0	0	0	0
Stutzerimonas stutzeri	9.9e-4	0.00149	0.00185	0.00135	0.00351	5.9e-4	0.00421	0.00271	0.00223	0
Stutzerimonas frequens	0.00115	0	0.00226	0.00116	0.00497	0	0	0.00134	0	0
Lysobacter sp. TY2-98	5.7e-4	0	0	0.00141	4.7e-4	0	0	0	0	0
Lysobacter luteus	0.00131	0	0	0	0.00216	0	0	0	0	0
Stenotrophomonas maltophilia	0.00249	0	0.00122	0.00161	0.00202	0	0	0.00297	0.00132	0
Pseudoxanthomonas suwonensis	0.00163	0	0.0013	9.6e-4	0.00181	0	0	9.5e-4	0.00145	0
Escherichia coli	0.09235	0.01022	0.03082	0.0335	0.03188	0.09464	0	0	0	0
Pantoea dispersa	5.1e-4	0	0	0	3.5e-4	4.4e-4	0	4.9e-4	0	0
Acinetobacter indicus	0.0021	0.00221	0.012070000000000001	0.00652	0.01278	7e-4	0.00865	0.02729	0.00236	0.00133
Acinetobacter variabilis	0.00201	0.0012	0.00307	0.00265	0.00363	0	0.00385	0.00447	0.00885	0
Acinetobacter schindleri	0.00137	9.4e-4	0.00336	0.00291	0.00225	0.00103	0.00433	0.01151	0.00182	0
Vibrio furnissii	0.00108	0.00396	7.8e-4	0.00395	0.00132	0.0052	0.00571	0.00137	0.00165	0.01516
Massilia sp. LPB0304	0.00217	0	0	0	7e-4	0	0	0	0.00695	0
Massilia sp. REN29	0.0014	0	0	0	0	0	0	0	0.00285	0
Massilia sp. NP310	0.00172	0	0	0	0	0	0	0	0.00335	0
Massilia sp. H6	6.1e-4	0	0	0	0	0	0	0	0.00385	0
Massilia sp. WG5	7.3e-4	0	0	0	7.6e-4	0	0	0	0.00422	0
Massilia varians	0.00688	0	8.7e-4	0.00133	0.00161	0	0.00119	0.00147	0.0175	0
Massilia forsythiae	6.1e-4	0	0	0	0	0	0	0	0.00244	0
Cupriavidus taiwanensis	0.0021	0	0	0	0	0	0	0	0.00323	0
Variovorax paradoxus	0.00178	0	6.4e-4	8.2e-4	8.8e-4	0	0	7.8e-4	0.00782	0
Ramlibacter tataouinensis	0.00172	0	6.7e-4	0.00127	0.00143	0	0	7.2e-4	0.00906	0
Pontibacter pudoricolor	0.00258	0	4.6e-4	4.5e-4	0.00219	0	0	0	0	0
Pontibacter kalidii	0.00236	0	8.7e-4	7.3e-4	0.00322	0	0	0	0	0
Pontibacter russatus	0.0022	0	3.5e-4	4.2e-4	8.5e-4	0	0	0	0	0
Pontibacter actiniarum	9.2e-4	0	0	4.5e-4	8.8e-4	0	0	0	0	0
Pontibacter akesuensis	5.7e-4	0	0	0	7.6e-4	0	0	0	0	0
Pontibacter sp. SGAir0037	5.7e-4	0	0	0	4.4e-4	0	0	0	0	0
Pontibacter korlensis	4.1e-4	0	4.6e-4	0	8.2e-4	0	0	0	0	0
Rufibacter radiotolerans	3.2e-4	0	0	0	0	0	0	0	0	0
Adhaeribacter swui	4.5e-4	0	0	0	0	0	0	0	0	0
Pseudocnuella soli	0.00102	0	2.9e-4	5.6e-4	6.7e-4	0	4.8e-4	0.0031	0	0
Gemmatirosa kalamazoonensis	0.00121	0	0	4e-4	4.7e-4	0	0	0	7.4e-4	0
Archangium violaceum	0.0028	0	3.5e-4	3.1e-4	7e-4	0	0	0	0.00418	0
Archangium gephyra	0.00175	0	0	3.7e-4	6.4e-4	0	0	0	0.00269	0
Stigmatella aurantiaca	7e-4	0	0	0	0	0	0	0	0.00132	0
Cystobacter fuscus	4.1e-4	0	0	0	0	0	0	0	0.00141	0
Melittangium boletus	3.5e-4	0	0	0	0	0	0	0	0.00153	0
Myxococcus stipitatus	8.6e-4	0	0	0	6.4e-4	0	0	0	0.00211	0
Myxococcus hansupus	4.8e-4	0	0	0	0	0	0	0	0.00273	0
Corallococcus coralloides	0.00105	0	5.2e-4	0	0	0	0	0	0.00381	0
Corallococcus macrosporus	7.6e-4	0	0	0	0	0	0	0	0.00778	0
Pyxidicoccus parkwaysis	0.00137	0	7.2e-4	7.6e-4	0.0014	0	0	0	0.02047	0
Anaeromyxobacter oryzae	7e-4	0	0	0	0	0	0	0	8.3e-4	0
Sorangium cellulosum	0.00233	0	8.4e-4	4e-4	0.0017	0	0	5.9e-4	0.00244	0
Polyangium aurulentum	5.1e-4	0	0	0	0.00178	0	0	0	0	0
Sandaracinus amylolyticus	4.5e-4	0	4.9e-4	0	7.3e-4	0	0	3.3e-4	0.00145	0
Nannocystis poenicansa	6.7e-4	0	0	3.4e-4	0.00152	0	0	3.3e-4	0	0
Tautonia plasticadhaerens	0.00121	0	0	0	0.00108	0	0	0	5.4e-4	0
Aquisphaera giovannonii	7e-4	0	0	0	0	0	0	0	0	0
Urbifossiella limnaea	6.7e-4	0	0	0	0	0	0	0	0	0
Planctomyces sp. SH-PL62	7.6e-4	0	0	0	0	0	0	0	0	0
Humisphaera borealis	3.5e-4	0	0	0	0	0	0	0	0	0
Luteitalea sp. TBR-22	6.7e-4	0	0	0	6.1e-4	0	0	0	4.5e-4	0
Luteitalea pratensis	5.1e-4	0	0	0	2.9e-4	0	0	0	0	0
Aspergillus luchuensis	0.00204	0	4.6e-4	0.00178	0.00146	0.00229	0.00151	0.00117	0	0
Aspergillus oryzae	7e-4	0	0	0.00183	0	0	0.00266	0	0	0
Aspergillus nidulans	6.1e-4	0	0	0	0	0	0	0	0	0
Aspergillus puulaauensis	3.5e-4	0	0	0	0	0	9.9e-4	0.00114	0	0
Penicillium oxalicum	4.8e-4	0	0	0	0	0	0	0	0	0
Ascochyta rabiei	0.00188	0	0.00107	0.00104	0.0014	4.4e-4	0	0	0	0
Cercospora beticola	4.1e-4	0	0	2.8e-4	0	0	0	0	0	0
Babesia bigemina	0.0341	0.13115	0.01192	0.09263	0.02097	0.20108	0.17743	0.04513	0.01696	0.29522
Halalkalicoccus jeotgali	7e-4	0	0	0	9.7e-4	0	0	0	0	0
Natronococcus occultus	8e-4	0	0	0	9.7e-4	0	0	0	0	0
Candidatus Nitrososphaera gargensis	4.8e-4	0	0	0	0	0	0	0	0	0
Varicellovirus bovinealpha1	0.00344	0.00613	0.00107	0.00802	0.00193	0.05073	0.02464	0.00727	6.2e-4	0.01178
Malassezia restricta	0	0.0012	0	0.00107	0	0.00313	6.3e-4	0.00101	0	0
Marasmius oreades	0	5.2e-4	0	0	0	0	0.00139	8.2e-4	0	0
Kocuria indica	0	0.00338	0.00697	0.00584	5.8e-4	0	0.00123	0.00287	0	0
Kocuria varians	0	7.5e-4	0.0013	7.9e-4	0	0	0	8.5e-4	0	0
Rothia mucilaginosa	0	5.2e-4	0	7.1e-4	3.5e-4	0	0	5.5e-4	0	0
Brevibacterium sp. CS2	0	6.8e-4	0.00156	9.9e-4	0.00114	0	0	5.5e-4	0	0
Bifidobacterium breve	0	0.00276	0	0.00838	4.4e-4	0.00822	7.5e-4	0.00183	0	0
Bifidobacterium bifidum	0	0.00243	0	0.00562	0	0.00479	0	0.00111	0	0
Bifidobacterium pseudolongum	0	0.00175	0.00156	0.00093000000000000005	7e-4	0	0	0	0	0
Bifidobacterium pseudocatenulatum	0	9.1e-4	0	0.00192	0	0.00144	0	0	0	0
Bifidobacterium catenulatum	0	9.1e-4	0	0.00124	0	8.1e-4	0	0	0	0
Corynebacterium xerosis	0	0.00133	0.007	0.00296	0.00246	0	0.00103	0.00408	0	0
Corynebacterium tuberculostearicum	0	0.00136	0	0	0	0	8.7e-4	0	0	0
Corynebacterium suedekumii	0	7.5e-4	0.00298	6.8e-4	5.3e-4	0	0	0	0	0
Mycolicibacterium doricum	0	0.00101	0	0	0	0	0	0.00267	0	0
Actinoplanes sp. L3-i22	0	6.8e-4	0	0	0	0	0	0	0.00136	0
Thermobifida fusca	0	3.6e-4	0	0	0	0	0	0	0	0
Schaalia odontolytica	0	4.9e-4	0	5.9e-4	0	0	0	0	0	0
Collinsella aerofaciens	0	0.00175	4.9e-4	0.00192	5.3e-4	0.00291	6.3e-4	9.1e-4	0	0
Parafannyhessea umbonata	0	5.2e-4	0.00217	4.2e-4	4.7e-4	0	0	5.9e-4	0	0
Blautia obeum	0	8.8e-4	8.1e-4	0	0	0	0	0	0	0
Mediterraneibacter gnavus	0	9.1e-4	0	0.00102	0	0	0	4.9e-4	0	0
Chordicoccus furentiruminis	0	6.5e-4	8.7e-4	2.8e-4	0	0	0	0	0	0
Anaerostipes hadrus	0	5.2e-4	0	6.2e-4	0	0	0	0	0	0
Agathobacter rectalis	0	6.5e-4	0.00124	0	0	0	0	0	0	0
Anaerobutyricum hallii	0	5.5e-4	4.6e-4	0	0	0	0	0	0	0
Faecalibacterium prausnitzii	0	0.00458	0.00156	0.00426	0.00114	0.00254	6.3e-4	0.00104	0	0
Vescimonas coprocola	0	4.9e-4	0	0	0	0	0	0	0	0
Flavonifractor plautii	0	3.9e-4	0	8.2e-4	0	5.9e-4	0	0	0	0
Dysosmobacter welbionis	0	5.2e-4	0	0	0	0	0	0	0	0
Romboutsia sp. 13368	0	8.8e-4	0.00113	8.2e-4	0.00161	0	0	0	0	0
Romboutsia ilealis	0	6.2e-4	0.00139	5.4e-4	0.00135	0	0	0	0	0
Staphylococcus hominis	0	0.00454	9e-4	0.00135	7.3e-4	0	0.00242	0.00114	0	0
Staphylococcus epidermidis	0	0.00179	0	0.00127	0	0	6e-4	5.5e-4	0	0
Staphylococcus saprophyticus	0	6.2e-4	0	0	0	0	0	4.6e-4	0	0
Staphylococcus capitis	0	6.5e-4	0	0	0	0	0	0	0	0
Priestia flexa	0	0.0011	0	0	5e-4	0	0	0	0	0
Pradoshia sp. D12	0	4.5e-4	0	0	0	0	0	0	0	0
Exiguobacterium profundum	0	0.00107	0.00376	0.00144	0.00512	0	0	0.00117	0	0
Jeotgalibacillus malaysiensis	0	3.2e-4	8.4e-4	2.8e-4	7.6e-4	0	0	0	0	0
Gemella haemolysans	0	5.2e-4	0	0	0	0	0	0	0	0
Streptococcus sp. DTU_2020_1001019_1_SI_AUS_MUR_006	0	6.2e-4	0	0	0	0	0	0	0	0
Streptococcus mitis	0	0.00198	0	0	0	0	0	0	0	0
Streptococcus pneumoniae	0	9.7e-4	0	0	0	0	0	0	0	0
Streptococcus equinus	0	9.7e-4	0.00191	0	5.6e-4	0	0	0	0	0
Streptococcus salivarius	0	7.1e-4	6.1e-4	0	0	0	0.00115	0	0	0
Lactococcus cremoris	0	7.1e-4	0	0	0	7.4e-4	0.0029	3.6e-4	0	0
Aerococcus urinaeequi	0	0.00516	0.00425	0.00144	0.00146	0	9.5e-4	7.8e-4	0	0
Aerococcus viridans	0	0.00195	0.0013	5.1e-4	6.4e-4	0	0	0	0	0
Globicatella sp. PHS-GS-PNBC-21-1553	0	4.9e-4	0.00425	9.6e-4	4.4e-4	0	0	0	0	0
Lactobacillus crispatus	0	7.1e-4	0	6.2e-4	0	0	0	0	0	0
Lactobacillus iners	0	5.5e-4	0	0	0	0	0	0	0	0
Weissella confusa	0	3.9e-4	0.00122	5.4e-4	8.2e-4	0	8.3e-4	7.8e-4	0	0
Veillonella rogosae	0	8.8e-4	0	0	0	0	0	0	0	0
Megasphaera massiliensis	0	5.2e-4	0	5.9e-4	0	0	0	0	0	0
Moraxella osloensis	0	0.00143	6.4e-4	0.00257	0	5.9e-4	0.00393	0.02716	0	0
Halomonas tianxiuensis	0	0.00107	0	0	0	0	0	0	0	0
Haemophilus parainfluenzae	0	0.00162	0	0	0	0	0	0	0	0
Cellvibrio sp. KY-GH-1	0	5.5e-4	0	0	0	9.2e-4	5.6e-4	0.00101	0	0
Brevundimonas sp. MF30-B	0	0.00179	0	0	9.1e-4	0	0	0	5e-4	0
Prevotella melaninogenica	0	0.00276	0	0	0	0	0	0	0	0
Prevotella sp. oral taxon 299	0	5.5e-4	0	0	0	0	0	0	0	0
Segatella copri	0	0.00263	0.00226	0.00299	0.00164	8.5e-4	0.00179	0.0017	0	0
Bacteroides fragilis	0	0.00153	0	0.00212	0	0.01198	0	0	0	0
Alistipes finegoldii	0	7.8e-4	0	0	0	0	0	0	0	0
Alkaliflexus sp. Ai-910	0	5.8e-4	0	0	0	0	0	0	0	0
Methanosarcina mazei	0	4.2e-4	0	0	5.8e-4	0	0	0	0	0
Methanosarcina thermophila	0	3.6e-4	0	0	0	0	0	0	0	0
Methanobrevibacter sp. YE315	0	7.8e-4	0.0013	5.4e-4	9.1e-4	0	0	3.9e-4	0	0
Methanobrevibacter olleyae	0	6.2e-4	8.4e-4	0	5e-4	0	0	0	0	0
Methanobrevibacter millerae	0	5.5e-4	0.00122	4.2e-4	3.8e-4	0	0	0	0	0
Methanobrevibacter ruminantium	0	5.2e-4	5.8e-4	3.1e-4	3.8e-4	0	0	0	0	0
Micrococcus yunnanensis	0	0	0.00269	0	0	0	0	0	0	0
Microbacterium aurum	0	0	0.00116	0	6.7e-4	0	0	0.00121	0	0
Microbacterium esteraromaticum	0	0	8.1e-4	0	9.9e-4	0	0	0	0	0
Microbacterium protaetiae	0	0	5.2e-4	0	5e-4	0	0	0	0	0
Leucobacter tenebrionis	0	0	5.2e-4	0	5e-4	0	0	0	0	0
Gulosibacter sediminis	0	0	5.5e-4	0	0	0	0	0	0	0
Brachybacterium sp. NBEC-018	0	0	0.00136	0	0	0	0	0	0	0
Brachybacterium huguangmaarense	0	0	9.5e-4	3.7e-4	5e-4	0	0	4.6e-4	0	0
Brachybacterium halotolerans	0	0	8.1e-4	0	0	0	0	0	0	0
Cellulomonas sp. JZ18	0	0	6.1e-4	0	0.00111	0	0	5.2e-4	0	0
Cellulomonas fengjieae	0	0	4.9e-4	0	3.5e-4	0	0	0	0	0
Cellulomonas gilvus	0	0	4.3e-4	0	6.1e-4	0	0	0	0.00178	0
Cellulomonas iranensis	0	0	3.8e-4	0	0	0	0	0	0	0
Cellulomonas wangleii	0	0	4.3e-4	0	7.6e-4	0	0	0	0	0
Cellulomonas wangsupingiae	0	0	4.3e-4	0	4.7e-4	0	0	0	0	0
Paraoerskovia marina	0	0	4.1e-4	0	0	0	0	0	0	0
Pseudactinotalea sp. HY158	0	0	4.1e-4	0	0	0	0	0	0	0
Janibacter sp. YB324	0	0	7.8e-4	0	0	0	0	0	0	0
Brevibacterium luteolum	0	0	4.9e-4	0	0	0	0	0	0	0
Brevibacterium casei	0	0	8.7e-4	7.6e-4	0	0	0	0.00127	0	0
Isoptericola sp. AK164	0	0	5.2e-4	0	3.8e-4	0	0	0	0	0
Isoptericola dokdonensis	0	0	3.8e-4	0	3.8e-4	0	0	4.2e-4	0	0
Xylanimonas allomyrinae	0	0	4.1e-4	0	0	0	0	0	0	0
Dermacoccus nishinomiyaensis	0	0	5.5e-4	6.5e-4	0	5.5e-4	0	8.5e-4	0	0
Luteipulveratus mongoliensis	0	0	3.5e-4	0	0	0	0	0	0	0
Ruania zhangjianzhongii	0	0	4.9e-4	0	3.2e-4	0	0	0	0	0
Occultella kanbiaonis	0	0	4.1e-4	0	3.5e-4	0	0	0	0	0
Jonesia denitrificans	0	0	0.00122	0	5.3e-4	0	0	7.2e-4	0	0
Gephyromycinifex aptenodytis	0	0	5.5e-4	2.8e-4	4.1e-4	0	0	0	0	0
Sanguibacter sp. HDW7	0	0	4.9e-4	0	3.5e-4	0	0	3.6e-4	7e-4	0
Beutenbergia cavernae	0	0	4.6e-4	0	2.9e-4	0	0	0	0	0
Miniimonas sp. S16	0	0	5.2e-4	0	0	0	0	7.2e-4	0	0
Demequina sediminis	0	0	4.6e-4	0	5.6e-4	0	0	0.00153	0	0
Luteimicrobium xylanilyticum	0	0	3.2e-4	0	4.4e-4	0	0	0	0	0
Corynebacterium sp. SCR221107	0	0	0.002	7.1e-4	5.8e-4	0	0	0.00261	0	0
Corynebacterium faecale	0	0	0.00203	5.6e-4	0	0	0	0	0	0
Corynebacterium hansenii	0	0	0.00145	7.6e-4	3.5e-4	0	0	5.9e-4	0	0
Corynebacterium freneyi	0	0	0.00139	5.9e-4	9.1e-4	0	0	5.2e-4	0	0
Corynebacterium comes	0	0	0.00104	0	0	0	0	0	0	0
Corynebacterium marinum	0	0	0.00107	4e-4	7e-4	0	0	0	0	0
Corynebacterium glutamicum	0	0	0.00437	0	0	0	0	0	0	0
Corynebacterium guangdongense	0	0	4.3e-4	5.1e-4	0	0	0	0	0	0
Corynebacterium variabile	0	0	5.5e-4	0	0	0	0	0.00101	0	0
Corynebacterium striatum	0	0	5.5e-4	0	0	0	0	0	0	0
Corynebacterium occultum	0	0	3.8e-4	0	0	0	0	0	0	0
Corynebacterium doosanense	0	0	4.3e-4	0	0	0	0	0	0	0
Corynebacterium frankenforstense	0	0	3.2e-4	0	0	0	0	0	0	0
Dietzia psychralcaliphila	0	0	5.2e-4	0	5e-4	0	0	0	0	0
Mycolicibacterium duvalii	0	0	0.00136	0	0.00222	0	0	0	0	0
Mycolicibacterium neoaurum	0	0	0.00119	0	3.8e-4	0	0	0	0	0
Nocardia tengchongensis	0	0	4.1e-4	0	0	0	0	0	0	0
Aeromicrobium marinum	0	0	3.2e-4	0	0	0	0	0	0	0
Micropruina glycogenica	0	0	5.8e-4	6.8e-4	4.1e-4	0	0	5.5e-4	0	0
Tessaracoccus sp. T21	0	0	8.7e-4	0	7.3e-4	0	0	0.00258	0	0
Tessaracoccus defluvii	0	0	0.00119	4.5e-4	0.00117	0	0	0.0013	0	0
Tessaracoccus flavescens	0	0	0.00119	0	9.4e-4	0	0	7.2e-4	0.0018600000000000001	0
Tessaracoccus aquimaris	0	0	6.4e-4	5.6e-4	3.8e-4	0	0	6.5e-4	0	0
Tessaracoccus palaemonis	0	0	7.5e-4	0	0	0	0	0	0	0
Propioniciclava coleopterorum	0	0	0.00177	0.00124	0.00167	0	0	0.00274	0	0
Microlunatus soli	0	0	3.8e-4	0	0	0	0	0	0	0
Propionibacterium australiense	0	0	6.7e-4	0	0	0	0	0	0	0
Raineyella sp. LH-20	0	0	5.5e-4	0	7e-4	0	0	4.2e-4	0	0
Brooklawnia sp. SH051	0	0	5.2e-4	3.7e-4	0.0024	0	0	8.5e-4	0	0
Arachnia propionica	0	0	3.2e-4	0	0	0	0	4.9e-4	0	0
Streptomyces olivoreticuli	0	0	0.00208	0	0	0	0	0	0	0
Actinokineospora sp. UTMC 2448	0	0	9e-4	0	0	0	0	0	0	0
Actinomyces sp. Z16	0	0	0.00119	0	0	0	0	0	0	0
Actinomyces radicidentis	0	0	9.5e-4	0	0	0	0	0	0	0
Flaviflexus ciconiae	0	0	4.1e-4	0	0	0	0	0	0	0
Nocardiopsis alba	0	0	0.00113	0	0.00111	0	0	0	0	0
Miltoncostaea marina	0	0	4.1e-4	0	4.7e-4	0	0	0	0	0
Egicoccus halophilus	0	0	5.8e-4	0	4.4e-4	0	0	0	0.00265	0
Exiguobacterium alkaliphilum	0	0	0.00428	0.00135	0.00132	0	0	4.2e-4	0	0
Exiguobacterium sp. AT1b	0	0	0.00185	4.5e-4	0.00342	0	0	0	0	0
Exiguobacterium sp. PFWT01	0	0	0.00133	5.1e-4	0.00231	0	0	0	0	0
Exiguobacterium marinum	0	0	0.00185	0	6.7e-4	0	0	5.9e-4	0	0
Evansella sp. LMS18	0	0	5.5e-4	0	0	0	0	0	0	0
Staphylococcus haemolyticus	0	0	4.1e-4	4.2e-4	0	0	0	0	0	0
Staphylococcus aureus	0	0	0.00116	0	0	0	0.00361	0	0	0
Staphylococcus gallinarum	0	0	2.9e-4	0	4.7e-4	0	0	0	0	0
Macrococcus caseolyticus	0	0	9e-4	0	0	0	0	8.2e-4	0	0
Macrococcus bohemicus	0	0	0.00104	0	0	0	0	0	0	0
Jeotgalicoccus saudimassiliensis	0	0	5.8e-4	0	0	0	0	0	0	0
Jeotgalicoccus sp. WY2	0	0	5.2e-4	3.7e-4	4.1e-4	0	0	0	0	0
Mammaliicoccus sciuri	0	0	5.8e-4	4.2e-4	7.9e-4	0	0	5.9e-4	0	0
Lactobacillus johnsonii	0	0	5.2e-4	0	0	0	0	0	0	0
Lactobacillus delbrueckii	0	0	4.6e-4	0	0	0	0	0	0	0
Lactobacillus amylovorus	0	0	4.3e-4	7.1e-4	0	0	0	5.5e-4	0	0
Weissella cibaria	0	0	4.9e-4	0	0	0	0	3.6e-4	0	0
Weissella paramesenteroides	0	0	4.1e-4	0	0	0	0	5.5e-4	0	0
Ligilactobacillus salivarius	0	0	6.7e-4	3.1e-4	0	0	0	0	0	0
Limosilactobacillus fermentum	0	0	7.8e-4	0	8.2e-4	0	0	5.5e-4	0	0
Lactiplantibacillus plantarum	0	0	5.8e-4	0	0	0	0	0	0	0
Streptococcus parasuis	0	0	0.002	0.00198	0	0	0.00143	0.00457	0	0
Streptococcus infantarius	0	0	0.00136	0	9.7e-4	0	0	0	0	0
Streptococcus thermophilus	0	0	3.5e-4	0	0	0	0	0	0	0
Streptococcus lutetiensis	0	0	5.2e-4	0	0	0	0	0	0	0
Lactococcus lactis	0	0	0.00093000000000000005	0	0	0.00103	0	0.00248	0	0
Globicatella sanguinis	0	0	9.5e-4	0	0	0	0	0	0	0
Fundicoccus culcitae	0	0	3.8e-4	0	0	0	0	0	0	0
Jeotgalibaca dankookensis	0	0	4.6e-4	0	0	0	0	0	0	0
Jeotgalibaca porci	0	0	3.8e-4	0	0	0	0	0	0	0
Jeotgalibaca arthritidis	0	0	5.5e-4	0	0	0	0	0	0	0
Marinilactibacillus sp. 15R	0	0	6.7e-4	0	0	0	0	0	0	0
Enterococcus faecium	0	0	0.00327	0	0.00214	0	0	0	0	0
Enterococcus casseliflavus	0	0	0.00177	0	0.00123	0	0	0	0	0
Enterococcus hirae	0	0	5.5e-4	0	0	0	0	0	0	0
Clostridium perfringens	0	0	6.9e-4	7.6e-4	6.4e-4	0	0	0	0	0
Blautia wexlerae	0	0	9.8e-4	8.5e-4	0	0	0	0	0	0
Blautia hansenii	0	0	6.4e-4	3.7e-4	0	0	0	0	0	0
Butyrivibrio fibrisolvens	0	0	3.5e-4	0	0	0	0	0	0	0
Enterocloster bolteae	0	0	3.8e-4	0	0	0	0	0	0	0
[Clostridium] scindens	0	0	3.8e-4	0	0	0	0	0	0	0
Ruminococcus bovis	0	0	4.1e-4	0	0	0	0	0	0	0
Clostridioides difficile	0	0	4.3e-4	0	4.7e-4	0	0	0	0	0
Peptacetobacter hiranonis	0	0	3.5e-4	3.4e-4	0	0	0	0	0	0
Turicibacter bilis	0	0	0.00258	0	0.00193	0	0	0	0	0
Paracoccus sp. TOH	0	0	5.2e-4	0	0	0	0	0	0	0
Paracoccus suum	0	0	6.1e-4	4.2e-4	7e-4	0	0	0	0	0
Paracoccus jeotgali	0	0	5.5e-4	0	7.3e-4	0	0	0	0	0
Paracoccus alcaliphilus	0	0	6.4e-4	0	0	0	0	6.2e-4	0	0
Paracoccus versutus	0	0	7.5e-4	0	9.4e-4	0	0	8.2e-4	0	0
Paracoccus aestuarii	0	0	3.8e-4	3.4e-4	4.4e-4	0	0	3.6e-4	0	0
Paracoccus sediminicola	0	0	6.1e-4	0	0	0	0	0	0	0
Paracoccus denitrificans	0	0	5.5e-4	0	5.3e-4	0	0	5.2e-4	0	0
Paracoccus aminovorans	0	0	3.8e-4	3.4e-4	4.4e-4	0	0	0	0	0
Rhodobacter sp. CZR27	0	0	3.5e-4	3.1e-4	4.1e-4	0	0	0	0	0
uncultured Cohaesibacter sp.	0	0	3.2e-4	0	0	0	0	0	0	0
Acinetobacter baumannii	0	0	0.00353	0.0013	0.00284	0	0.00361	0.01337	0	0
Acinetobacter sp. SCLZS86	0	0	6.9e-4	0	0	0	0	0.00734	0	0
Acinetobacter towneri	0	0	0.00122	0	8.8e-4	0	0.00187	0.01327	0.00302	0
Acinetobacter lwoffii	0	0	5.8e-4	0	0	0	0	0.00127	0.0012	0
Pseudomonas aeruginosa	0	0	0.0031	0	0.00412	0	0	0.00443	0.00265	0
Pseudomonas saudiphocaensis	0	0	4.3e-4	0	0	0	0	0	0	0
Luteimonas sp. JM171	0	0	0.00156	5.9e-4	3.8e-4	0	0	0	0	0
Luteimonas sp. YGD11-2	0	0	7.8e-4	0	4.7e-4	0	0	0	0	0
Luteimonas granuli	0	0	7.5e-4	0	5.3e-4	0	0	0	0	0
Enterobacter cloacae	0	0	0.00093000000000000005	0	0.00228	0	0	0	0	0
Halomonas sp. Y3	0	0	0.00104	0	0	0	0	0	0	0
Comamonas aquatica	0	0	0.00116	0.00119	7.6e-4	0	0.0027	0.00851	0.00141	0
Comamonas kerstersii	0	0	5.5e-4	0	6.7e-4	0	0	0	0	0
Sphaerotilus sulfidivorans	0	0	6.7e-4	0	0	0	0	0	0.00223	0
Thauera sp. GDN1	0	0	5.5e-4	7.3e-4	8.5e-4	0	0	0.00264	0	0
Thauera aminoaromatica	0	0	0.00104	0	0.00211	0	0	0.00101	0	0
Segatella hominis	0	0	4.6e-4	0	0	0	0	0	0	0
Bacteroides graminisolvens	0	0	7.8e-4	0	0	0	0	0.00245	0	0
Chryseobacterium sp.	0	0	5.5e-4	4e-4	0.00129	0	9.1e-4	0.00316	0.0127	0
Cloacibacterium caeni	0	0	0.0011	8.2e-4	0	0	0.00111	0.04777	0	9.5e-4
Aliarcobacter cryaerophilus	0	0	5.5e-4	0	4.1e-4	0	0	0	0	0
Pichia kudriavzevii	0	0	3.5e-4	0	3.2e-4	0	0	0	0	0
Methanosphaera sp. BMS	0	0	9.8e-4	0	0	0	0	0	0	0
Bifidobacterium adolescentis	0	0	0	3.7e-4	0	0	0	0	0	0
Corynebacterium camporealensis	0	0	0	3.1e-4	0	0	0	0	0	0
Eggerthella lenta	0	0	0	5.4e-4	0	6.6e-4	0	0	0	0
Romboutsia hominis	0	0	0	2.8e-4	0	0	0	0	0	0
Staphylococcus cohnii	0	0	0	0.00133	0	0	0	0	0	0
Staphylococcus arlettae	0	0	0	5.6e-4	7e-4	0	0	0.00108	0	0
Thermoactinomyces vulgaris	0	0	0	4.8e-4	0	0	0	0	0	0
Megasphaera elsdenii	0	0	0	3.7e-4	0	0	0	0	0	0
Megamonas funiformis	0	0	0	5.6e-4	0	0	0	0	0	0
Catenibacterium sp. co_0103	0	0	0	7.6e-4	0	0	0	0	0	0
Deinococcus wulumuqiensis	0	0	0	0.00133	0	0	4.8e-4	0.00176	0	0
Deinococcus metallilatus	0	0	0	4.5e-4	0	0	0	0	0	0
Chroococcidiopsis thermalis	0	0	0	0.00093000000000000005	0	0	0	0	0	0
Stanieria cyanosphaera	0	0	0	6.2e-4	0	0	0	0	0	0
Paracoccus sp. Arc7-R13	0	0	0	9.6e-4	0	0.00118	0	0	0	0
Paracoccus stylophorae	0	0	0	4.5e-4	0.00102	0	0	7.2e-4	0	0
Acinetobacter johnsonii	0	0	0	4.2e-4	0	0	0.00198	0.00329	0	0
Pseudoxanthomonas mexicana	0	0	0	7.9e-4	0.00559	0	0	0.00287	0.00418	0
Pseudomonas alcaligenes	0	0	0	4e-4	5e-4	0	0	0.00153	0	0
Stutzerimonas balearica	0	0	0	7.6e-4	0.00404	0	0	6.2e-4	0	0
Sutterella wadsworthensis	0	0	0	7.1e-4	0	4.4e-4	0	0	0	0
Thauera humireducens	0	0	0	4.8e-4	0.00164	0	0	0.00117	0	0
Conchiformibius steedae	0	0	0	3.4e-4	0	0	0	0	0	0
Phocaeicola vulgatus	0	0	0	7.1e-4	0	0	0	0	0	0
Porphyromonas cangingivalis	0	0	0	4.8e-4	0	0	0	0	0	0
Chryseobacterium sp. 6424	0	0	0	5.1e-4	0	0	0	0	0	0
Cloacibacterium normanense	0	0	0	3.1e-4	0	0	6e-4	0.024	0	0
Haliangium ochraceum	0	0	0	2.8e-4	2.9e-4	0	0	0	0	0
Talaromyces marneffei	0	0	0	3.1e-4	0	0	0	0	0	0
Arthrobacter sp. YC-RL1	0	0	0	0	8.8e-4	0	9.5e-4	0	0	0
Microbacterium sp. A18JL241	0	0	0	0	7e-4	0	0	0	0	0
Microbacterium sp. KUDC0406	0	0	0	0	4.7e-4	0	0	0	0	0
Microbacterium sp.	0	0	0	0	4.4e-4	0	0	0	0	0
Microbacterium sp. No. 7	0	0	0	0	5.8e-4	0	0	0	0	0
Microbacterium sp. 1S1	0	0	0	0	9.7e-4	0	0	0	0	0
Microbacterium sp. zg-B185	0	0	0	0	3.8e-4	0	0	0	0	0
Microbacterium sediminis	0	0	0	0	7.9e-4	0	0	0	0	0
Microbacterium oleivorans	0	0	0	0	4.7e-4	0	0	0.0013	0	0
Microbacterium proteolyticum	0	0	0	0	4.4e-4	0	0	0	0	0
Agromyces sp. H17E-10	0	0	0	0	6.1e-4	0	0	0	0	0
Agromyces marinus	0	0	0	0	4.7e-4	0	0	0	0	0
Leucobacter allii	0	0	0	0	4.4e-4	0	0	0	0	0
Salinibacterium sp. dk2585	0	0	0	0	3.5e-4	0	0	0	0	0
Cellulomonas taurus	0	0	0	0	4.4e-4	0	0	0	0	0
Cellulomonas palmilytica	0	0	0	0	5e-4	0	0	0	0	0
Xylanimonas protaetiae	0	0	0	0	4.7e-4	0	0	0	0	0
Yimella sp. cx-51	0	0	0	0	3.2e-4	0	0	0	0	0
Ruania suaedae	0	0	0	0	3.2e-4	0	0	0	0	0
Austwickia chelonae	0	0	0	0	2.9e-4	0	0	0	0	0
Nocardioides sp. WS12	0	0	0	0	8.8e-4	0	0	0	0.00108	0
Aeromicrobium sp. A1-2	0	0	0	0	3.2e-4	0	0	0	0	0
Aeromicrobium yanjiei	0	0	0	0	5.6e-4	0	0	0	0	0
Solicola gregarius	0	0	0	0	3.8e-4	0	0	0	0	0
Tessaracoccus timonensis	0	0	0	0	5.8e-4	0	0	0	0	0
Raineyella sp. W15-4	0	0	0	0	7.6e-4	0	0	0	0	0
Raineyella fluvialis	0	0	0	0	5.8e-4	0	0	0	0	0
Auraticoccus monumenti	0	0	0	0	4.4e-4	0	0	0	0	0
Propionimicrobium sp. PCR01-08-3	0	0	0	0	2.9e-4	0	0	0	0	0
Mycolicibacterium fortuitum	0	0	0	0	0.00228	0	0	0	0	0
Mycolicibacterium gilvum	0	0	0	0	0.0012	0	0	0	0	0
Mycolicibacterium parafortuitum	0	0	0	0	4.4e-4	0	0	0	0	0
Mycolicibacterium monacense	0	0	0	0	5.6e-4	0	0	0	0	0
Rhodococcus sp. RDE2	0	0	0	0	8.2e-4	0	0	0	0.00128	0
Rhodococcus sp. Z13	0	0	0	0	3.5e-4	0	0	0	0	0
Rhodococcus gordoniae	0	0	0	0	5.8e-4	0	0	0	0	0
Rhodococcus ruber	0	0	0	0	0.00214	0	0	0	0.01133	0
Rhodococcus fascians	0	0	0	0	3.5e-4	0	0	0	0	0
Prescottella equi	0	0	0	0	4.7e-4	0	0	0	0	0
Gordonia sp. PP30	0	0	0	0	4.1e-4	0	0	0	0	0
Gordonia rubripertincta	0	0	0	0	0.00123	0	0	0	0	0
Gordonia iterans	0	0	0	0	3.5e-4	0	0	0	0	0
Streptomyces sp. SCUT-3	0	0	0	0	7e-4	0	0	0	0	0
Streptomyces sp. CdTB01	0	0	0	0	0.00105	0	0	0	0	0
Streptomyces sp. SN-593	0	0	0	0	5.3e-4	0	0	0	0	0
Streptomyces collinus	0	0	0	0	0.0024	0	0	0	0	0
Streptomyces niveus	0	0	0	0	8.2e-4	0	0	0	0	0
Micromonospora sp. LH3U1	0	0	0	0	9.1e-4	0	0	0	0	0
Micromonospora sp. NBRC 110009	0	0	0	0	0.00102	0	0	0	0	0
Micromonospora terminaliae	0	0	0	0	9.4e-4	0	0	0	0	0
Pseudonocardia sp. HH130629-09	0	0	0	0	6.4e-4	0	0	0	0	0
Umezawaea sp. Da 62-37	0	0	0	0	6.7e-4	0	0	0	0	0
Actinomadura verrucosospora	0	0	0	0	3.8e-4	0	0	0	0	0
Thermobispora bispora	0	0	0	0	3.2e-4	0	0	0	0	0
Rossellomorea vietnamensis	0	0	0	0	6.1e-4	0	0	0	0	0
Planococcus antarcticus	0	0	0	0	3.5e-4	0	0	0	0	0
Staphylococcus nepalensis	0	0	0	0	0.00102	0	0	0	0	0
Sarcina sp. JB2	0	0	0	0	5.6e-4	0	0	0	0	0
Neorhizobium petrolearium	0	0	0	0	6.7e-4	0	0	0	0	0
Ensifer adhaerens	0	0	0	0	4.1e-4	0	0	0	0	0
Ciceribacter thiooxidans	0	0	0	0	6.7e-4	0	0	0	0	0
Paracoccus sp. MA	0	0	0	0	7.6e-4	0	0	0	0	0
Limimaricola variabilis	0	0	0	0	4.1e-4	0	0	0	0	0
Phenylobacterium sp. NIBR 498073	0	0	0	0	0.00345	0	0	0	0.00558	0
Phenylobacterium sp. LH3H17	0	0	0	0	3.5e-4	0	0	0	0.00182	0
Phenylobacterium parvum	0	0	0	0	3.8e-4	0	0	0	8.7e-4	0
Brevundimonas sp. M20	0	0	0	0	8.5e-4	0	0	0	0.00116	0
Caulobacter segnis	0	0	0	0	6.7e-4	0	0	0	0.00132	0
Stella humosa	0	0	0	0	3.2e-4	0	0	0	5.8e-4	0
Lysobacter sp. 5GHs7-4	0	0	0	0	6.4e-4	0	0	0	0	0
Lysobacter sp. CW239	0	0	0	0	4.7e-4	0	0	0	0	0
Lysobacter sp. KIS68-7	0	0	0	0	3.2e-4	0	0	0	0	0
Lysobacter terrestris	0	0	0	0	5.6e-4	0	0	0	0	0
Lysobacter enzymogenes	0	0	0	0	0.00196	0	0	0	0	0
Lysobacter lycopersici	0	0	0	0	4.1e-4	0	0	0	0	0
Lysobacter maris	0	0	0	0	4.4e-4	0	0	0	0	0
Lysobacter alkalisoli	0	0	0	0	3.8e-4	0	0	0	0	0
Lysobacter auxotrophicus	0	0	0	0	3.8e-4	0	0	0	0	0
Lysobacter soli	0	0	0	0	3.5e-4	0	0	0	0	0
Lysobacter arenosi	0	0	0	0	3.8e-4	0	0	0	0	0
Lysobacter solisilvae	0	0	0	0	3.2e-4	0	0	0	0	0
Stenotrophomonas acidaminiphila	0	0	0	0	0.00137	0	0	0	0.01725	0
Luteimonas sp. MC1750	0	0	0	0	7.3e-4	0	0	0	0	0
Luteimonas sp. MC1572	0	0	0	0	4.7e-4	0	0	0	0	0
Luteimonas sp. MC1825	0	0	0	0	3.5e-4	0	0	0	0	0
Thermomonas sp. XSG	0	0	0	0	0.00184	0	0	9.1e-4	0.00955	0
Thermomonas brevis	0	0	0	0	5.8e-4	0	0	0	8.7e-4	0
Thermomonas aquatica	0	0	0	0	4.7e-4	0	0	8.8e-4	6.2e-4	0
Thermomonas paludicola	0	0	0	0	3.8e-4	0	0	0	0	0
Xanthomonas campestris	0	0	0	0	0.00135	0	0	0.00108	0	0
Arenimonas daejeonensis	0	0	0	0	0.00114	0	0	8.5e-4	0	0
Pseudomonas phenolilytica	0	0	0	0	4.4e-4	0	0	0	0	0
Stutzerimonas degradans	0	0	0	0	6.1e-4	0	0	0	0	0
Klebsiella pneumoniae	0	0	0	0	0.00439	0	0	0	0	0
Comamonas testosteroni	0	0	0	0	0.00129	0	0	0	0.00368	0
Alicycliphilus denitrificans	0	0	0	0	0.00447	0	0	0	0.00422	0
Acidovorax temperans	0	0	0	0	0.0017	0	0	0.0044	0	0
Burkholderia gladioli	0	0	0	0	0.00178	0	0	0	0.00103	0
Achromobacter sp. MFA1 R4	0	0	0	0	4.7e-4	0	0	0	0	0
Achromobacter xylosoxidans	0	0	0	0	0.00143	0	0	0	0.00256	0
Pigmentiphaga sp. H8	0	0	0	0	3.2e-4	0	0	0	0	0
Piscinibacter gummiphilus	0	0	0	0	6.7e-4	0	0	0	0.005	0
Salinimicrobium tongyeongense	0	0	0	0	8.5e-4	0	0	0	0	0
Sphingobacterium sp. LZ7M1	0	0	0	0	7.9e-4	0	0	0	0	0
Sphingobacterium hotanense	0	0	0	0	4.4e-4	0	0	0	0.0019	0
Sphingobacterium daejeonense	0	0	0	0	3.8e-4	0	0	0	0.00132	0
Rhodocaloribacter litoris	0	0	0	0	4.4e-4	0	0	0	0	0
Anaeromyxobacter paludicola	0	0	0	0	4.7e-4	0	0	0	6.2e-4	0
Labilithrix luteola	0	0	0	0	2.9e-4	0	0	0	0	0
Halococcus dombrowskii	0	0	0	0	7.9e-4	0	0	0	0	0
Methanothrix soehngenii	0	0	0	0	8.8e-4	0	0	0	0	0
Methanobacterium formicicum	0	0	0	0	0.00149	0	0	0	0	0
Methanobacterium sp. CWC-01	0	0	0	0	3.2e-4	0	0	0	0	0
Pantoea agglomerans	0	0	0	0	0	6.6e-4	0	0.00111	0	0
Mixta hanseatica	0	0	0	0	0	5.5e-4	0	0	0	0
Asticcacaulis excentricus	0	0	0	0	0	5.9e-4	0	0	0	0
Burkholderia pseudomallei	0	0	0	0	0	0.00144	7.9e-4	0	0	0
Turneriella parva	0	0	0	0	0	5.2e-4	4.8e-4	0	0	0
Purpureocillium takamizusanense	0	0	0	0	0	0.001	0	0	0	0
Colletotrichum higginsianum	0	0	0	0	0	0.00107	0	0	0	0
Thermothielavioides terrestris	0	0	0	0	0	5.9e-4	5.2e-4	0	0	0
Thermothelomyces thermophilus	0	0	0	0	0	4.8e-4	0	0	0	0
Neurospora crassa	0	0	0	0	0	7.4e-4	0	0	0	0
Aspergillus fumigatus	0	0	0	0	0	5.5e-4	0	0	0	0
Leishmania mexicana	0	0	0	0	0	5.2e-4	0	5.9e-4	0	0
Varicellovirus bubalinealpha1	0	0	0	0	0	6.6e-4	0	0	0	0
Aspergillus flavus	0	0	0	0	0	0	0.00258	0	0	0
Aspergillus chevalieri	0	0	0	0	0	0	0.00266	0.00245	0	0
Psilocybe cubensis	0	0	0	0	0	0	0.00139	9.1e-4	0	0
Rhizoctonia solani	0	0	0	0	0	0	5.2e-4	0	0	0
Streptococcus infantis	0	0	0	0	0	0	0.00131	0	0	0
Corynebacterium amycolatum	0	0	0	0	0	0	0.00337	0	0	0
Corynebacterium aurimucosum	0	0	0	0	0	0	9.9e-4	0	0	0
Streptomyces harbinensis	0	0	0	0	0	0	0.00425	0	0	0
Acinetobacter haemolyticus	0	0	0	0	0	0	0.00111	6.2e-4	0	0
Psychrobacter sanguinis	0	0	0	0	0	0	0.00722	6.2e-4	0	0
Psychrobacter sp. van23A	0	0	0	0	0	0	0.00159	0	0	0
Microbacterium sp. BDGP8	0	0	0	0	0	0	0	0.0018600000000000001	0	0
Leucobacter aridicollis	0	0	0	0	0	0	0	8.8e-4	0	0
Cellulomonas sp. PSBB021	0	0	0	0	0	0	0	0.00104	0	0
Dermacoccus sp. PAMC28757	0	0	0	0	0	0	0	4.6e-4	0	0
Cutibacterium granulosum	0	0	0	0	0	0	0	3.9e-4	0	0
Acidipropionibacterium jensenii	0	0	0	0	0	0	0	6.2e-4	0	0
Propionibacterium acidifaciens	0	0	0	0	0	0	0	3.6e-4	0	0
Corynebacterium urealyticum	0	0	0	0	0	0	0	5.2e-4	0	0
Gardnerella swidsinskii	0	0	0	0	0	0	0	7.2e-4	0	0
Coprococcus comes	0	0	0	0	0	0	0	0.00173	0	0
[Ruminococcus] torques	0	0	0	0	0	0	0	4.9e-4	0	0
Exiguobacterium acetylicum	0	0	0	0	0	0	0	7.5e-4	0	0
Staphylococcus succinus	0	0	0	0	0	0	0	8.2e-4	0	0
Lactiplantibacillus pentosus	0	0	0	0	0	0	0	0.0017	0	0
Finegoldia magna	0	0	0	0	0	0	0	0.00238	0	0
Peptoniphilus harei	0	0	0	0	0	0	0	0.00189	0	0
Anaerococcus prevotii	0	0	0	0	0	0	0	6.8e-4	0	0
Gudongella oleilytica	0	0	0	0	0	0	0	4.6e-4	0	0
Deinococcus soli (ex Cha et al. 2016)	0	0	0	0	0	0	0	8.2e-4	0	0
Acinetobacter junii	0	0	0	0	0	0	0	0.04164	0	0
Acinetobacter sp. KCTC 92772	0	0	0	0	0	0	0	0.00137	0	0
Acinetobacter sp. WCHA45	0	0	0	0	0	0	0	0.00215	0	0
Acinetobacter sp. CS-2	0	0	0	0	0	0	0	9.8e-4	0.00244	0
Acinetobacter sp. SWBY1	0	0	0	0	0	0	0	0.00248	0	0
Acinetobacter sp. Z1	0	0	0	0	0	0	0	4.9e-4	0	0
Acinetobacter radioresistens	0	0	0	0	0	0	0	7.2e-4	0	0
Acinetobacter ursingii	0	0	0	0	0	0	0	0.00134	0	0
Acinetobacter bereziniae	0	0	0	0	0	0	0	6.5e-4	0	0
Moraxella sp. DOX410	0	0	0	0	0	0	0	0.0017	0	0
Pseudomonas sp. LTJR-52	0	0	0	0	0	0	0	0.00248	0	0
Pseudomonas mendocina	0	0	0	0	0	0	0	7.2e-4	0	0
Pseudomonas fragi	0	0	0	0	0	0	0	8.2e-4	0	0
Pseudomonas luteola	0	0	0	0	0	0	0	0.00124	0	0
Marinobacter nauticus	0	0	0	0	0	0	0	8.8e-4	0	0
Lysobacter oculi	0	0	0	0	0	0	0	5.2e-4	0.00157	0
Lysobacter capsici	0	0	0	0	0	0	0	0.00153	0	0
Pantoea sp. SOD02	0	0	0	0	0	0	0	4.2e-4	0	0
Rahnella inusitata	0	0	0	0	0	0	0	6.5e-4	0	0
Venatoribacter cucullus	0	0	0	0	0	0	0	4.2e-4	0	0
Rheinheimera sp. MM224	0	0	0	0	0	0	0	3.9e-4	0	0
Paracoccus pantotrophus	0	0	0	0	0	0	0	8.5e-4	0	0
Rhodobacter sp. LPB0142	0	0	0	0	0	0	0	8.5e-4	0	0
Hydrogenophaga sp. NH-16	0	0	0	0	0	0	0	0.00258	0	0
Hydrogenophaga sp. SL48	0	0	0	0	0	0	0	8.5e-4	6.6e-4	0
uncultured Hydrogenophaga sp.	0	0	0	0	0	0	0	0.00137	0.00112	0
Hydrogenophaga pseudoflava	0	0	0	0	0	0	0	0.00212	0	0
Hydrogenophaga taeniospiralis	0	0	0	0	0	0	0	7.8e-4	7.9e-4	0
Limnobacter sp. SAORIC-580	0	0	0	0	0	0	0	0.00134	0	0
Pseudoduganella lutea	0	0	0	0	0	0	0	6.8e-4	0.00112	0
Aquabacterium olei	0	0	0	0	0	0	0	8.8e-4	0.00335	0
Thauera sp. WB-2	0	0	0	0	0	0	0	4.6e-4	0	0
Cloacibacterium sp. TD35	0	0	0	0	0	0	0	0.00952	0	0
Chryseobacterium sp. SNU WT5	0	0	0	0	0	0	0	5.2e-4	0	0
Chryseobacterium taklimakanense	0	0	0	0	0	0	0	0.00307	0	0
Chryseobacterium manosquense	0	0	0	0	0	0	0	0.00218	0	0
Chryseobacterium suipulveris	0	0	0	0	0	0	0	0.0015	0	0
Chryseobacterium faecale	0	0	0	0	0	0	0	0.00101	6.6e-4	0
Chryseobacterium indoltheticum	0	0	0	0	0	0	0	7.5e-4	0	0
Chryseobacterium indologenes	0	0	0	0	0	0	0	7.8e-4	0	0
Chryseobacterium turcicum	0	0	0	0	0	0	0	6.2e-4	0	0
Candidatus Kaistella beijingensis	0	0	0	0	0	0	0	6.8e-4	0	0
Kaistella jeonii	0	0	0	0	0	0	0	5.5e-4	0	0
Kaistella daneshvariae	0	0	0	0	0	0	0	3.6e-4	0	0
Epilithonimonas vandammei	0	0	0	0	0	0	0	0.00124	0	0
Flavobacterium sp. N2820	0	0	0	0	0	0	0	0.00297	0	0
Flavobacterium sp. 20NA77.7	0	0	0	0	0	0	0	3.9e-4	0	0
Flavobacterium cyclinae	0	0	0	0	0	0	0	0.00476	0	0
Flavobacterium channae	0	0	0	0	0	0	0	0.00434	0	0
Flavobacterium indicum	0	0	0	0	0	0	0	0.00307	0	0
Flavobacterium haoranii	0	0	0	0	0	0	0	0.00173	0	0
Flavobacterium okayamense	0	0	0	0	0	0	0	8.5e-4	0	0
Flavobacterium dauae	0	0	0	0	0	0	0	6.5e-4	0	0
Flavobacterium azooxidireducens	0	0	0	0	0	0	0	4.2e-4	0	0
Prevotella corporis	0	0	0	0	0	0	0	5.5e-4	0	0
Phnomibacter ginsenosidimutans	0	0	0	0	0	0	0	0.00127	0	0
Sphaerochaeta associata	0	0	0	0	0	0	0	6.8e-4	0	0
uncultured Sphaerochaeta sp.	0	0	0	0	0	0	0	3.3e-4	0	0
Debaryomyces hansenii	0	0	0	0	0	0	0	0.00678	0	0
Massilia sp. R2A-15	0	0	0	0	0	0	0	0	0.00302	0
Massilia sp. DM-R-R2A-13	0	0	0	0	0	0	0	0	0.00223	0
Massilia sp. PAMC28688	0	0	0	0	0	0	0	0	0.00182	0
Massilia sp. YMA4	0	0	0	0	0	0	0	0	0.0024	0
Massilia sp. erpn	0	0	0	0	0	0	0	0	0.00368	0
Massilia violaceinigra	0	0	0	0	0	0	0	0	0.00269	0
Massilia oculi	0	0	0	0	0	0	0	0	0.00232	0
Massilia putida	0	0	0	0	0	0	0	0	0.0018600000000000001	0
Massilia antarctica	0	0	0	0	0	0	0	0	9.9e-4	0
Pseudoduganella aquatica	0	0	0	0	0	0	0	0	0.00269	0
Pseudoduganella umbonata	0	0	0	0	0	0	0	0	0.00161	0
Pseudoduganella flava	0	0	0	0	0	0	0	0	0.00141	0
Pseudoduganella plicata	0	0	0	0	0	0	0	0	0.0012	0
Pseudoduganella armeniaca	0	0	0	0	0	0	0	0	0.00136	0
Pseudoduganella chitinolytica	0	0	0	0	0	0	0	0	0.00103	0
Pseudoduganella albidiflava	0	0	0	0	0	0	0	0	0.00116	0
Pseudoduganella sp. SL102	0	0	0	0	0	0	0	0	0.00116	0
Telluria mixta	0	0	0	0	0	0	0	0	0.00463	0
Duganella dendranthematis	0	0	0	0	0	0	0	0	0.00132	0
Duganella zoogloeoides	0	0	0	0	0	0	0	0	0.00108	0
Rugamonas sp. DEMB1	0	0	0	0	0	0	0	0	0.00273	0
Herbaspirillum sp. WKF16	0	0	0	0	0	0	0	0	0.00265	0
Herbaspirillum sp. meg3	0	0	0	0	0	0	0	0	0.00124	0
Herbaspirillum hiltneri	0	0	0	0	0	0	0	0	0.00256	0
Herbaspirillum rubrisubalbicans	0	0	0	0	0	0	0	0	0.00232	0
Herbaspirillum robiniae	0	0	0	0	0	0	0	0	0.00248	0
Herbaspirillum huttiense	0	0	0	0	0	0	0	0	0.00256	0
Herbaspirillum seropedicae	0	0	0	0	0	0	0	0	0.00199	0
Herbaspirillum frisingense	0	0	0	0	0	0	0	0	0.0017	0
Noviherbaspirillum sp. UKPF54	0	0	0	0	0	0	0	0	0.01592	0
Janthinobacterium sp. 17J80-10	0	0	0	0	0	0	0	0	0.00422	0
Janthinobacterium sp. J1-1	0	0	0	0	0	0	0	0	0.0019	0
Janthinobacterium sp. Marseille	0	0	0	0	0	0	0	0	0.00112	0
Janthinobacterium agaricidamnosum	0	0	0	0	0	0	0	0	0.00339	0
Collimonas fungivorans	0	0	0	0	0	0	0	0	0.00302	0
Collimonas arenae	0	0	0	0	0	0	0	0	0.00223	0
Collimonas pratensis	0	0	0	0	0	0	0	0	0.00178	0
Actimicrobium sp. CCC2.4	0	0	0	0	0	0	0	0	0.0017	0
Undibacterium sp. CCC3.4	0	0	0	0	0	0	0	0	7.4e-4	0
Herminiimonas arsenitoxidans	0	0	0	0	0	0	0	0	6.6e-4	0
Diaphorobacter nitroreducens	0	0	0	0	0	0	0	0	0.03193	0
Diaphorobacter sp. C33	0	0	0	0	0	0	0	0	0.00906	0
Diaphorobacter sp. ED-3	0	0	0	0	0	0	0	0	0.01671	0
Diaphorobacter sp. MNS-0	0	0	0	0	0	0	0	0	0.00637	0
Diaphorobacter sp. JS3050	0	0	0	0	0	0	0	0	0.00997	0
Diaphorobacter sp. JS3051	0	0	0	0	0	0	0	0	0.01568	0
Diaphorobacter sp. HDW4A	0	0	0	0	0	0	0	0	0.0012	0
Diaphorobacter sp. HDW4B	0	0	0	0	0	0	0	0	4.1e-4	0
[Acidovorax] ebreus	0	0	0	0	0	0	0	0	0.00567	0
Variovorax sp. RA8	0	0	0	0	0	0	0	0	0.00194	0
Variovorax sp. HW608	0	0	0	0	0	0	0	0	7e-4	0
Variovorax sp. WDL1	0	0	0	0	0	0	0	0	0.00223	0
Variovorax sp. PAMC26660	0	0	0	0	0	0	0	0	6.2e-4	0
Variovorax sp. PBS-H4	0	0	0	0	0	0	0	0	9.1e-4	0
Variovorax sp. PAMC 28711	0	0	0	0	0	0	0	0	4.5e-4	0
Variovorax boronicumulans	0	0	0	0	0	0	0	0	0.00269	0
Hydrogenophaga sp. BPS33	0	0	0	0	0	0	0	0	0.00236	0
Hydrogenophaga sp. PBC	0	0	0	0	0	0	0	0	0.00124	0
Hydrogenophaga sp. RAC07	0	0	0	0	0	0	0	0	7e-4	0
Hydrogenophaga sp. SNF1	0	0	0	0	0	0	0	0	0.00157	0
Hydrogenophaga crocea	0	0	0	0	0	0	0	0	9.1e-4	0
Rhodoferax koreense	0	0	0	0	0	0	0	0	0.01104	0
Rhodoferax sp. BAB1	0	0	0	0	0	0	0	0	0.00108	0
Rhodoferax sediminis	0	0	0	0	0	0	0	0	6.2e-4	0
Comamonas sp. NLF-1-9	0	0	0	0	0	0	0	0	7e-4	0
Comamonas flocculans	0	0	0	0	0	0	0	0	7.4e-4	0
Comamonas antarctica	0	0	0	0	0	0	0	0	9.1e-4	0
Acidovorax sp. RAC01	0	0	0	0	0	0	0	0	0.00124	0
Acidovorax sp. JMULE5	0	0	0	0	0	0	0	0	5.8e-4	0
Acidovorax sp. KKS102	0	0	0	0	0	0	0	0	7e-4	0
Acidovorax sp. NCPPB 3576	0	0	0	0	0	0	0	0	6.6e-4	0
Acidovorax sp. 5MLIR	0	0	0	0	0	0	0	0	5.4e-4	0
Acidovorax carolinensis	0	0	0	0	0	0	0	0	0.00108	0
Melaminivora suipulveris	0	0	0	0	0	0	0	0	0.00265	0
Melaminivora jejuensis	0	0	0	0	0	0	0	0	9.9e-4	0
Ottowia sp. SB7-C50	0	0	0	0	0	0	0	0	8.3e-4	0
Ottowia oryzae	0	0	0	0	0	0	0	0	5.4e-4	0
Polaromonas naphthalenivorans	0	0	0	0	0	0	0	0	7.4e-4	0
Polaromonas sp. JS666	0	0	0	0	0	0	0	0	7e-4	0
Paracidovorax avenae	0	0	0	0	0	0	0	0	0.00211	0
Paenacidovorax monticola	0	0	0	0	0	0	0	0	0.00112	0
Pulveribacter suum	0	0	0	0	0	0	0	0	5.4e-4	0
Cupriavidus nantongensis	0	0	0	0	0	0	0	0	0.0091	0
Cupriavidus sp. EM10	0	0	0	0	0	0	0	0	0.0012	0
Cupriavidus pauculus	0	0	0	0	0	0	0	0	0.00364	0
Cupriavidus gilardii	0	0	0	0	0	0	0	0	0.00248	0
Cupriavidus campinensis	0	0	0	0	0	0	0	0	0.0017	0
Cupriavidus basilensis	0	0	0	0	0	0	0	0	0.00182	0
Cupriavidus necator	0	0	0	0	0	0	0	0	0.00174	0
Cupriavidus cauae	0	0	0	0	0	0	0	0	0.00112	0
Burkholderia contaminans	0	0	0	0	0	0	0	0	0.00381	0
Burkholderia multivorans	0	0	0	0	0	0	0	0	0.00203	0
Burkholderia ubonensis	0	0	0	0	0	0	0	0	0.0029	0
Burkholderia cepacia	0	0	0	0	0	0	0	0	0.00256	0
Ralstonia syzygii	0	0	0	0	0	0	0	0	0.00451	0
Ralstonia solanacearum	0	0	0	0	0	0	0	0	0.00161	0
Ralstonia mannitolilytica	0	0	0	0	0	0	0	0	0.00132	0
Ralstonia pseudosolanacearum	0	0	0	0	0	0	0	0	0.00182	0
Pandoraea pulmonicola	0	0	0	0	0	0	0	0	0.00132	0
Caballeronia insecticola	0	0	0	0	0	0	0	0	7e-4	0
Mycetohabitans rhizoxinica	0	0	0	0	0	0	0	0	5.4e-4	0
Roseateles sp. DAIF2	0	0	0	0	0	0	0	0	0.00476	0
Mitsuaria sp. 7	0	0	0	0	0	0	0	0	0.00153	0
Paucibacter sp. S2-9	0	0	0	0	0	0	0	0	0.00124	0
Roseateles sp. SL47	0	0	0	0	0	0	0	0	9.1e-4	0
Paucibacter aquatile	0	0	0	0	0	0	0	0	0.00108	0
uncultured Roseateles sp.	0	0	0	0	0	0	0	0	9.1e-4	0
Roseateles depolymerans	0	0	0	0	0	0	0	0	7.9e-4	0
Roseateles amylovorans	0	0	0	0	0	0	0	0	7e-4	0
Caldimonas thermodepolymerans	0	0	0	0	0	0	0	0	0.00352	0
Caldimonas brevitalea	0	0	0	0	0	0	0	0	0.00203	0
Schlegelella aquatica	0	0	0	0	0	0	0	0	0.0017	0
Piscinibacter sp. XHJ-5	0	0	0	0	0	0	0	0	0.00165	0
Sphaerotilus sp. FB-5	0	0	0	0	0	0	0	0	0.00393	0
Aquincola tertiaricarbonis	0	0	0	0	0	0	0	0	0.00335	0
Methylibium sp. Pch-M	0	0	0	0	0	0	0	0	0.00149	0
Methylibium petroleiphilum	0	0	0	0	0	0	0	0	9.9e-4	0
Ideonella dechloratans	0	0	0	0	0	0	0	0	0.00368	0
Rubrivivax gelatinosus	0	0	0	0	0	0	0	0	0.00248	0
Leptothrix cholodnii	0	0	0	0	0	0	0	0	0.00203	0
Inhella inkyongensis	0	0	0	0	0	0	0	0	7.4e-4	0
Achromobacter mucicolens	0	0	0	0	0	0	0	0	0.01084	0
Achromobacter sp. ES-001	0	0	0	0	0	0	0	0	0.00513	0
Achromobacter sp. 77	0	0	0	0	0	0	0	0	0.00203	0
Achromobacter ruhlandii	0	0	0	0	0	0	0	0	0.00343	0
Achromobacter deleyi	0	0	0	0	0	0	0	0	0.00227	0
Achromobacter spanius	0	0	0	0	0	0	0	0	0.00136	0
Bordetella hinzii	0	0	0	0	0	0	0	0	0.0012	0
Bordetella bronchialis	0	0	0	0	0	0	0	0	5.4e-4	0
Orrella dioscoreae	0	0	0	0	0	0	0	0	9.9e-4	0
Castellaniella defragrans	0	0	0	0	0	0	0	0	6.6e-4	0
Aquabacterium sp. J223	0	0	0	0	0	0	0	0	0.00633	0
Eleftheria terrae	0	0	0	0	0	0	0	0	0.0019	0
Rhizobacter sp. AJA081-3	0	0	0	0	0	0	0	0	0.00194	0
Xylophilus rhododendri	0	0	0	0	0	0	0	0	0.00108	0
Xylophilus sp. GOD-11R	0	0	0	0	0	0	0	0	7e-4	0
Azoarcus sp. DD4	0	0	0	0	0	0	0	0	9.9e-4	0
Aromatoleum aromaticum	0	0	0	0	0	0	0	0	9.1e-4	0
Aquaspirillum sp. LM1	0	0	0	0	0	0	0	0	0.00199	0
Chitiniphilus sp. CD1	0	0	0	0	0	0	0	0	5.4e-4	0
Ferriphaselus amnicola	0	0	0	0	0	0	0	0	0.00132	0
Sulfuritalea hydrogenivorans	0	0	0	0	0	0	0	0	5e-4	0
Rhizobium rhizoryzae	0	0	0	0	0	0	0	0	0.00269	0
Shinella sp. XGS7	0	0	0	0	0	0	0	0	0.01075	0
Shinella sp. PSBB067	0	0	0	0	0	0	0	0	0.00132	0
Shinella zoogloeoides	0	0	0	0	0	0	0	0	0.00459	0
Bradyrhizobium sp. WD16	0	0	0	0	0	0	0	0	0.00327	0
Bradyrhizobium cosmicum	0	0	0	0	0	0	0	0	0.00542	0
Devosia sp. A16	0	0	0	0	0	0	0	0	0.00112	0
Stappia indica	0	0	0	0	0	0	0	0	0.00298	0
Brevundimonas sp.	0	0	0	0	0	0	0	0	0.00244	0
Brevundimonas sp. NCCP 15609	0	0	0	0	0	0	0	0	0.00194	0
Brevundimonas naejangsanensis	0	0	0	0	0	0	0	0	0.00207	0
Brevundimonas pondensis	0	0	0	0	0	0	0	0	0.00141	0
Brevundimonas subvibrioides	0	0	0	0	0	0	0	0	5.8e-4	0
Brevundimonas diminuta	0	0	0	0	0	0	0	0	0.00112	0
Caulobacter sp. NIBR2454	0	0	0	0	0	0	0	0	0.00116	0
Caulobacter sp. S6	0	0	0	0	0	0	0	0	6.6e-4	0
Caulobacter sp. NIBR1757	0	0	0	0	0	0	0	0	5e-4	0
Caulobacter mirabilis	0	0	0	0	0	0	0	0	7.9e-4	0
Caulobacter vibrioides	0	0	0	0	0	0	0	0	9.5e-4	0
Sphingomonas sp.	0	0	0	0	0	0	0	0	0.00339	0
Sphingomonas changnyeongensis	0	0	0	0	0	0	0	0	6.2e-4	0
Sphingomonas profundi	0	0	0	0	0	0	0	0	6.6e-4	0
Novosphingobium sp. THN1	0	0	0	0	0	0	0	0	0.00472	0
Novosphingobium sp. ES2-1	0	0	0	0	0	0	0	0	0.00128	0
Novosphingobium sp. EMRT-2	0	0	0	0	0	0	0	0	0.00103	0
Novosphingobium aromaticivorans	0	0	0	0	0	0	0	0	0.00443	0
Sphingobium yanoikuyae	0	0	0	0	0	0	0	0	0.00691	0
Sphingopyxis sp. EG6	0	0	0	0	0	0	0	0	0.00199	0
Sphingopyxis macrogoltabida	0	0	0	0	0	0	0	0	7.4e-4	0
Magnetospirillum gryphiswaldense	0	0	0	0	0	0	0	0	0.00902	0
Magnetospirillum sp. ME-1	0	0	0	0	0	0	0	0	0.00397	0
Magnetospirillum sp. XM-1	0	0	0	0	0	0	0	0	0.00306	0
Azospirillum sp. TSA2s	0	0	0	0	0	0	0	0	0.00248	0
Azospirillum sp. B510	0	0	0	0	0	0	0	0	7.4e-4	0
Azospirillum sp. TSH100	0	0	0	0	0	0	0	0	7e-4	0
Azospirillum ramasamyi	0	0	0	0	0	0	0	0	0.00157	0
Azospirillum lipoferum	0	0	0	0	0	0	0	0	0.00161	0
Azospirillum humicireducens	0	0	0	0	0	0	0	0	9.5e-4	0
Azospirillum brasilense	0	0	0	0	0	0	0	0	0.00132	0
Azospirillum thiophilum	0	0	0	0	0	0	0	0	5.8e-4	0
Indioceanicola profundi	0	0	0	0	0	0	0	0	7.9e-4	0
Roseomonas marmotae	0	0	0	0	0	0	0	0	7.4e-4	0
Lichenicola cladoniae	0	0	0	0	0	0	0	0	9.9e-4	0
Paramagnetospirillum magneticum	0	0	0	0	0	0	0	0	0.00269	0
Thermomonas carbonis	0	0	0	0	0	0	0	0	5.8e-4	0
Xanthomonas citri	0	0	0	0	0	0	0	0	0.00467	0
Pseudomonas sp. FP818	0	0	0	0	0	0	0	0	0.01369	0
Pseudomonas sp. 15A4	0	0	0	0	0	0	0	0	0.00199	0
Pseudomonas entomophila	0	0	0	0	0	0	0	0	0.00389	0
Pseudomonas chlororaphis	0	0	0	0	0	0	0	0	0.00165	0
Halomonas sp. THAF5a	0	0	0	0	0	0	0	0	0.00306	0
Kushneria marisflavi	0	0	0	0	0	0	0	0	0.00211	0
Enterobacter huaxiensis	0	0	0	0	0	0	0	0	0.00265	0
Marichromatium purpuratum	0	0	0	0	0	0	0	0	0.00215	0
Microcella flavibacter	0	0	0	0	0	0	0	0	0.00393	0
Microcella daejeonensis	0	0	0	0	0	0	0	0	0.00232	0
Microcella humidisoli	0	0	0	0	0	0	0	0	0.00141	0
Microcella alkaliphila	0	0	0	0	0	0	0	0	5.4e-4	0
Clavibacter capsici	0	0	0	0	0	0	0	0	0.00517	0
Clavibacter phaseoli	0	0	0	0	0	0	0	0	0.00128	0
Leucobacter muris	0	0	0	0	0	0	0	0	0.0012	0
Leifsonia sp. ZF2019	0	0	0	0	0	0	0	0	7.4e-4	0
Nocardia yamanashiensis	0	0	0	0	0	0	0	0	0.00236	0
Mycolicibacterium austroafricanum	0	0	0	0	0	0	0	0	0.00248	0
Mycobacterium basiliense	0	0	0	0	0	0	0	0	0.00335	0
Streptomyces sp. WA6-1-16	0	0	0	0	0	0	0	0	0.00455	0
Streptomyces sp. W1SF4	0	0	0	0	0	0	0	0	0.00136	0
Streptomyces roseicoloratus	0	0	0	0	0	0	0	0	0.00199	0
Micromonospora sp. WMMA2032	0	0	0	0	0	0	0	0	0.00248	0
Micromonospora purpureochromogenes	0	0	0	0	0	0	0	0	0.00165	0
Nocardiopsis gilva	0	0	0	0	0	0	0	0	7.4e-4	0
Deinococcus irradiatisoli	0	0	0	0	0	0	0	0	0.00128	0
Myxococcus sp. SDU36	0	0	0	0	0	0	0	0	0.00269	0
Myxococcus sp. MxC21-1	0	0	0	0	0	0	0	0	0.00112	0
Myxococcus landrumus	0	0	0	0	0	0	0	0	0.00227	0
Myxococcus xanthus	0	0	0	0	0	0	0	0	0.00505	0
Corallococcus sp. EGB	0	0	0	0	0	0	0	0	0.00199	0
Corallococcus sp. NCRR	0	0	0	0	0	0	0	0	0.00124	0
Anaeromyxobacter sp. Fw109-5	0	0	0	0	0	0	0	0	5.8e-4	0
Anaeromyxobacter dehalogenans	0	0	0	0	0	0	0	0	0.00103	0
Vulgatibacter incomptus	0	0	0	0	0	0	0	0	7.9e-4	0
Chondromyces crocatus	0	0	0	0	0	0	0	0	6.6e-4	0
Chryseobacterium daecheongense	0	0	0	0	0	0	0	0	0.00203	0
Spirosoma rhododendri	0	0	0	0	0	0	0	0	7.4e-4	0
Peredibacter starrii	0	0	0	0	0	0	0	0	0.00579	0
Bdellovibrio sp. NC01	0	0	0	0	0	0	0	0	8.3e-4	0
Bdellovibrio sp. 22V	0	0	0	0	0	0	0	0	5.8e-4	0
Bdellovibrio reynosensis	0	0	0	0	0	0	0	0	7e-4	0
Bdellovibrio bacteriovorus	0	0	0	0	0	0	0	0	4.5e-4	0
Lignipirellula cremea	0	0	0	0	0	0	0	0	0.00161	0
Candidatus Mycosynbacter amalyticus	0	0	0	0	0	0	0	0	7.4e-4	0
Leishmania donovani	0	0	0	0	0	0	0	0	0.00318	0
Acidianus sp. HS-5	0	0	0	0	0	0	0	0	0.00207	0
